Code,Name,Market,Marcap,Dept
005930,삼성전자,KOSPI,1541955982860000,
000660,SK하이닉스,KOSPI,1239645543405000,
005935,삼성전자우,KOSPI,156943807306800,
402340,SK스퀘어,KOSPI,141818297850000,
009150,삼성전기,KOSPI,116372778368000,
373220,LG에너지솔루션,KOSPI,94887000000000,
005380,현대차,KOSPI,66126609900000,
105560,KB금융,KOSPI,58062382055800,
207940,삼성바이오로직스,KOSPI,56521251171000,
032830,삼성생명,KOSPI,54100000000000,
028260,삼성물산,KOSPI,52299044872500,
034020,두산에너빌리티,KOSPI,48202226236500,
055550,신한지주,KOSPI,46945023900000,
012450,한화에어로스페이스,KOSPI,46613314504000,
006400,삼성SDI,KOSPI,46094923160000,
068270,셀트리온,KOSPI,41894353397600,
000270,기아,KOSPI,41852273385600,
034730,SK,KOSPI,40529010977000,
329180,HD현대중공업,KOSPI,40200149175000,
086790,하나금융지주,KOSPI,33844141759000,
012330,현대모비스,KOSPI,32739603232500,
066570,LG전자,KOSPI,32479196817200,
010120,LS ELECTRIC,KOSPI,29565000000000,
035420,NAVER,KOSPI,27878897837700,
000810,삼성화재,KOSPI,27279606003000,
096770,SK이노베이션,KOSPI,27014635522400,
042700,한미반도체,KOSPI,25019452500000,
005490,POSCO홀딩스,KOSPI,24366769552500,
316140,우리금융지주,KOSPI,24019241758200,
298040,효성중공업,KOSPI,23264747260000,
267260,HD현대일렉트릭,KOSPI,21988752350000,
042660,한화오션,KOSPI,21939199010400,
000150,두산,KOSPI,21634963560000,
010130,고려아연,KOSPI,21540904008000,
138040,메리츠금융지주,KOSPI,21520859307800,
009540,HD한국조선해양,KOSPI,20736522988000,
011200,HMM,KOSPI,19713673573000,
051910,LG화학,KOSPI,19695263139000,
010950,S-Oil,KOSPI,18936425614400,
015760,한국전력,KOSPI,18713252844550,
033780,KT&G,KOSPI,18509404304800,
017670,SK텔레콤,KOSPI,18278633510300,
003670,포스코퓨처엠,KOSPI,17095463484000,
196170,알테오젠,KOSDAQ GLOBAL,16821714619500,우량기업부
010140,삼성중공업,KOSPI,16632000000000,
003550,LG,KOSPI,16343855632400,
006800,미래에셋증권,KOSPI,15856214689200,
024110,기업은행,KOSPI,15836877758340,
018260,삼성에스디에스,KOSPI,15243426600000,
035720,카카오,KOSPI,14375366549500,
267250,HD현대,KOSPI,14297748385000,
272210,한화시스템,KOSPI,13961142847100,
079550,LIG디펜스앤에어로스페이스,KOSPI,13882000000000,
278470,에이피알,KOSPI,13777241040000,
086280,현대글로비스,KOSPI,13732500000000,
011070,LG이노텍,KOSPI,13324581241000,
030200,KT,KOSPI,12827903766500,
036930,주성엔지니어링,KOSDAQ GLOBAL,12387218746500,우량기업부
086520,에코프로,KOSDAQ GLOBAL,12314896986400,중견기업부
005830,DB손해보험,KOSPI,12235465193200,
247540,에코프로비엠,KOSDAQ GLOBAL,12209238163200,중견기업부
047810,한국항공우주,KOSPI,11804235457700,
000720,현대건설,KOSPI,11670084172000,
064350,현대로템,KOSPI,11525426140800,
003490,대한항공,KOSPI,11193906513600,
307950,현대오토에버,KOSPI,10133161349000,
047050,포스코인터내셔널,KOSPI,9974822079600,
078930,GS,KOSPI,9791185173000,
443060,HD현대마린솔루션,KOSPI,9639193900000,
071050,한국금융지주,KOSPI,9423265247200,
028050,삼성E&A,KOSPI,9398200000000,
323410,카카오뱅크,KOSPI,9318162134610,
005940,NH투자증권,KOSPI,9193232014500,
007660,이수페타시스,KOSPI,9154129609300,
003230,삼양식품,KOSPI,8866358655000,
000500,가온전선,KOSPI,8784394065000,
180640,한진칼,KOSPI,8765886707500,
259960,크래프톤,KOSPI,8632243344000,
0126Z0,삼성에피스홀딩스,KOSPI,8522444282500,
277810,레인보우로보틱스,KOSDAQ,8477737946000,기술성장기업부
006260,LS,KOSPI,8439600000000,
009830,한화솔루션,KOSPI,8118620549600,
090430,아모레퍼시픽,KOSPI,7873125361400,
161390,한국타이어앤테크놀로지,KOSPI,7766966826300,
353200,대덕전자,KOSPI,7728807070000,
016360,삼성증권,KOSPI,7679800000000,
021240,코웨이,KOSPI,7281968135400,
352820,하이브,KOSPI,7004860850000,
047040,대우건설,KOSPI,6866266630980,
062040,산일전기,KOSPI,6726105575000,
058470,리노공업,KOSDAQ GLOBAL,6706642800000,우량기업부
240810,원익IPS,KOSDAQ GLOBAL,6690135706300,우량기업부
222800,심텍,KOSDAQ GLOBAL,6561611683000,중견기업부
064400,LG씨엔에스,KOSPI,6559178679600,
039030,이오테크닉스,KOSDAQ,6406166000000,우량기업부
039490,키움증권,KOSPI,6347252472000,
128940,한미약품,KOSPI,6142870184500,
032640,LG유플러스,KOSPI,6128736450080,
028300,HLB,KOSDAQ,6080498879950,중견기업부
000990,DB하이텍,KOSPI,5964479014800,
000880,한화,KOSPI,5882177339100,
005387,현대차2우B,KOSPI,5830549399400,
326030,SK바이오팜,KOSPI,5771686525000,
001440,대한전선,KOSPI,5517191577400,
000100,유한양행,KOSPI,5418121481600,
000250,삼천당제약,KOSDAQ,5348303616000,중견기업부
011790,SKC,KOSPI,5302058056200,
403870,HPSP,KOSDAQ GLOBAL,5283660000000,우량기업부
175330,JB금융지주,KOSPI,5213284980800,
377300,카카오페이,KOSPI,5202308915900,
267270,HD건설기계,KOSPI,5124967949400,
241560,두산밥캣,KOSPI,5109128264500,
029780,삼성카드,KOSPI,4779179253750,
036570,NC,KOSPI,4772000873000,
138930,BNK금융지주,KOSPI,4700784985320,
088980,맥쿼리인프라,KOSPI,4688646311470,
066970,엘앤에프,KOSPI,4682979778400,
454910,두산로보틱스,KOSPI,4634628570000,
031980,피에스케이홀딩스,KOSDAQ,4549665345000,우량기업부
088350,한화생명,KOSPI,4490300100000,
010060,OCI홀딩스,KOSPI,4434180100000,
052690,한전기술,KOSPI,4414410000000,
108490,로보티즈,KOSDAQ,4341440288000,기술성장기업부
095340,ISC,KOSDAQ,4235172188400,우량기업부
271560,오리온,KOSPI,4158428497600,
440110,파두,KOSDAQ,4119126419400,기술성장기업부
018880,한온시스템,KOSPI,4089611597870,
034220,LG디스플레이,KOSPI,4085000000000,
051900,LG생활건강,KOSPI,4020927925500,
001450,현대해상,KOSPI,4002405337500,
319660,피에스케이,KOSDAQ,3968439818000,우량기업부
084370,유진테크,KOSDAQ,3930101203000,우량기업부
002380,KCC,KOSPI,3926953472000,
005385,현대차우,KOSPI,3878068482600,
103590,일진전기,KOSPI,3852979512000,
001040,CJ,KOSPI,3813433638600,
004020,현대제철,KOSPI,3743154269250,
008930,한미사이언스,KOSPI,3617912995000,
192820,코스맥스,KOSPI,3461600245000,
082740,한화엔진,KOSPI,3450539321700,
131290,티에스이,KOSDAQ,3429042990000,우량기업부
067310,하나마이크론,KOSDAQ,3357788884500,중견기업부
036460,한국가스공사,KOSPI,3300189750000,
028670,팬오션,KOSPI,3260874023200,
064760,티씨케이,KOSDAQ GLOBAL,3253210056000,우량기업부
161890,한국콜마,KOSPI,3245698087500,
012750,에스원,KOSPI,3210930541000,
357780,솔브레인,KOSDAQ GLOBAL,3181433494000,우량기업부
111770,영원무역,KOSPI,3154976521600,
022100,포스코DX,KOSPI,3154720626750,
214450,파마리서치,KOSDAQ GLOBAL,3153258168000,우량기업부
095610,테스,KOSDAQ GLOBAL,3138256000000,우량기업부
035250,강원랜드,KOSPI,3044373315000,
031210,서울보증보험,KOSPI,2939489275800,
004170,신세계,KOSPI,2932728700500,
080220,제주반도체,KOSDAQ,2924196521700,우량기업부
014680,한솔케미칼,KOSPI,2919786738000,
302440,SK바이오사이언스,KOSPI,2895046805700,
011780,금호석유화학,KOSPI,2883029445000,
336260,두산퓨얼셀,KOSPI,2881723944000,
020150,롯데에너지머티리얼즈,KOSPI,2859154279800,
251270,넷마블,KOSPI,2814912686250,
007340,DN오토모티브,KOSPI,2814372606500,
383220,F&F,KOSPI,2811739305000,
139130,iM금융지주,KOSPI,2796697785280,
097950,CJ제일제당,KOSPI,2775991898400,
023530,롯데쇼핑,KOSPI,2775126865500,
006360,GS건설,KOSPI,2764282127000,
141080,리가켐바이오,KOSDAQ GLOBAL,2750542757400,기술성장기업부
017800,현대엘리베이터,KOSPI,2748194665500,
085620,미래에셋생명,KOSPI,2744154000000,
226950,올릭스,KOSDAQ GLOBAL,2708383187200,기술성장기업부
298380,에이비엘바이오,KOSDAQ GLOBAL,2692996970300,기술성장기업부
450080,에코프로머티,KOSPI,2673223592500,
375500,DL이앤씨,KOSPI,2635035726300,
026960,동서,KOSPI,2627095000000,
010170,대한광통신,KOSDAQ,2619933371000,중견기업부
310210,보로노이,KOSDAQ,2610042132600,기술성장기업부
005290,동진쎄미켐,KOSDAQ,2609670451200,우량기업부
098460,고영,KOSDAQ,2588349883350,우량기업부
178320,서진시스템,KOSDAQ,2571242781150,중견기업부
011170,롯데케미칼,KOSPI,2553692514300,
003690,코리안리,KOSPI,2553618897950,
004800,효성,KOSPI,2501016805800,
018670,SK가스,KOSPI,2493426636000,
000240,한국앤컴퍼니,KOSPI,2477809764000,
489790,한화비전,KOSPI,2463833432000,
281820,케이씨텍,KOSPI,2437215169100,
004370,농심,KOSPI,2408726232000,
005440,현대지에프홀딩스,KOSPI,2400669334910,
457190,이수스페셜티케미컬,KOSPI,2399378436800,
043260,성호전자,KOSDAQ,2380505804400,우량기업부
131970,두산테스나,KOSDAQ GLOBAL,2367586655000,우량기업부
112610,씨에스윈드,KOSPI,2340512866500,
257720,실리콘투,KOSDAQ,2331235758600,우량기업부
005850,에스엘,KOSPI,2322426000000,
009420,한올바이오파마,KOSPI,2311648231500,
004990,롯데지주,KOSPI,2287283659200,
145020,휴젤,KOSDAQ,2280264520600,우량기업부
319400,현대무벡스,KOSDAQ,2255364789750,우량기업부
001720,신영증권,KOSPI,2247348000000,
214370,케어젠,KOSDAQ,2221115250000,벤처기업부
140860,파크시스템스,KOSDAQ GLOBAL,2219782673000,우량기업부
282330,BGF리테일,KOSPI,2212339968000,
030530,원익홀딩스,KOSDAQ,2201282458500,중견기업부
009970,영원무역홀딩스,KOSPI,2193081218100,
483650,달바글로벌,KOSPI,2187243009000,
058610,에스피지,KOSDAQ,2171163544000,우량기업부
030000,제일기획,KOSPI,2170827915750,
229640,LS에코에너지,KOSPI,2162116457400,
279570,케이뱅크,KOSPI,2146127348790,
087010,펩트론,KOSDAQ,2133537525000,기술성장기업부
204320,HL만도,KOSPI,2098983264000,
007810,코리아써키트,KOSPI,2098479250000,
140410,메지온,KOSDAQ,2094003631200,투자주의환기종목(소속부없음)
263750,펄어비스,KOSDAQ,2051853661500,우량기업부
081660,미스토홀딩스,KOSPI,2041381248000,
032820,우리기술,KOSDAQ,2025035652640,벤처기업부
089030,테크윙,KOSDAQ,2023129017000,중견기업부
347850,디앤디파마텍,KOSDAQ,1975536317550,기술성장기업부
051600,한전KPS,KOSPI,1971000000000,
214150,클래시스,KOSDAQ GLOBAL,1960331552950,우량기업부
002790,아모레퍼시픽홀딩스,KOSPI,1957329408000,
139480,이마트,KOSPI,1951024403300,
073240,금호타이어,KOSPI,1918898717160,
237690,에스티팜,KOSDAQ GLOBAL,1916475368400,우량기업부
036540,SFA반도체,KOSDAQ,1892938087530,중견기업부
089860,롯데렌탈,KOSPI,1855409726800,
069960,현대백화점,KOSPI,1854582432000,
103140,풍산,KOSPI,1852404775800,
323280,태성,KOSDAQ,1841440194000,중견기업부
007070,GS리테일,KOSPI,1822641647000,
181710,NHN,KOSPI,1820120729500,
462870,시프트업,KOSPI,1782816361500,
041510,에스엠,KOSDAQ GLOBAL,1776627944000,우량기업부
096530,씨젠,KOSDAQ GLOBAL,1775907276000,우량기업부
089970,브이엠,KOSDAQ,1773945142000,우량기업부
078600,대주전자재료,KOSDAQ,1768285938800,우량기업부
000155,두산우,KOSPI,1748452125000,
439260,대한조선,KOSPI,1734941651500,
068760,셀트리온제약,KOSDAQ,1725030598200,우량기업부
183300,코미코,KOSDAQ,1723237876250,우량기업부
420770,기가비스,KOSDAQ,1701086723600,우량기업부
001120,LX인터내셔널,KOSPI,1689936000000,
020560,아시아나항공,KOSPI,1674704480430,
060370,LS마린솔루션,KOSDAQ,1671643328000,우량기업부
120110,코오롱인더,KOSPI,1670988585600,
001820,삼화콘덴서,KOSPI,1653844500000,
083650,비에이치아이,KOSDAQ,1649335187500,우량기업부
322000,HD현대에너지솔루션,KOSPI,1632960000000,
001430,세아베스틸지주,KOSPI,1622760884750,
093370,후성,KOSPI,1617410376400,
000120,CJ대한통운,KOSPI,1596864080000,
395400,SK리츠,KOSPI,1580342505000,
007390,네이처셀,KOSDAQ,1578658872000,중견기업부
023590,다우기술,KOSPI,1577822522400,
0009K0,에임드바이오,KOSDAQ,1576331396200,기술성장기업부
475150,SK이터닉스,KOSPI,1550048682000,
437730,삼현,KOSDAQ,1547329269600,기술성장기업부
006040,동원산업,KOSPI,1544928665000,
218410,RFHIC,KOSDAQ,1544033180200,우량기업부
290650,엘앤씨바이오,KOSDAQ,1539970098400,우량기업부
005070,코스모신소재,KOSPI,1537834637300,
008770,호텔신라,KOSPI,1524789500850,
009155,삼성전기우,KOSPI,1514538664000,
204270,제이앤티씨,KOSDAQ,1512737385900,중견기업부
361610,SK아이이테크놀로지,KOSPI,1503246898000,
006280,녹십자,KOSPI,1497045517800,
294870,IPARK현대산업개발,KOSPI,1449961260000,
071970,HD현대마린엔진,KOSPI,1446751761750,
039200,오스코텍,KOSDAQ,1432768691200,벤처기업부
232140,와이씨,KOSDAQ,1405436845500,우량기업부
011210,현대위아,KOSPI,1386949233000,
001800,오리온홀딩스,KOSPI,1374579498200,
950160,코오롱티슈진,KOSDAQ,1362921366400,외국기업(소속부없음)
012630,HDC,KOSPI,1362111238800,
035900,JYP Ent.,KOSDAQ GLOBAL,1357341194400,우량기업부
347700,스피어,KOSDAQ,1304249458600,기술성장기업부
097230,HJ중공업,KOSPI,1293932279520,
003380,하림지주,KOSDAQ GLOBAL,1292544866340,우량기업부
069620,대웅제약,KOSPI,1264095332500,
007310,오뚜기,KOSPI,1250442960000,
950260,인제니아테라퓨틱스(Reg.S),KOSDAQ,1248476326750,기술성장기업부
006120,SK디스커버리,KOSPI,1243341821400,
082920,비츠로셀,KOSDAQ GLOBAL,1241335617500,우량기업부
00680K,미래에셋증권2우B,KOSPI,1234530155000,
166090,하나머티리얼즈,KOSDAQ,1234126857600,우량기업부
001740,SK네트웍스,KOSPI,1231646478460,
066575,LG전자우,KOSPI,1228462878500,
356860,티엘비,KOSDAQ,1225355142000,우량기업부
415640,KB발해인프라,KOSPI,1223004569040,
192080,더블유게임즈,KOSPI,1209005022800,
241710,코스메카코리아,KOSDAQ GLOBAL,1201500000000,우량기업부
003160,디아이,KOSPI,1198505000000,
298020,효성티앤씨,KOSPI,1196604073000,
330590,롯데리츠,KOSPI,1193441490920,
300720,한일시멘트,KOSPI,1177458796090,
000815,삼성화재우,KOSPI,1169730780000,
003540,대신증권,KOSPI,1160670168100,
195940,HK이노엔,KOSDAQ GLOBAL,1138861618200,우량기업부
280360,롯데웰푸드,KOSPI,1133083059400,
056190,SFA,KOSDAQ GLOBAL,1129330502000,우량기업부
101490,에스앤에스텍,KOSDAQ GLOBAL,1126481611200,우량기업부
006110,삼아알미늄,KOSPI,1114598633500,
252990,샘씨엔에스,KOSDAQ,1114030946500,우량기업부
195870,해성디에스,KOSPI,1099900000000,
030610,교보증권,KOSPI,1089485907160,
004000,롯데정밀화학,KOSPI,1084890000000,
417200,LS머트리얼즈,KOSDAQ,1062146746300,중견기업부
127120,제이에스링크,KOSDAQ,1047932091700,벤처기업부
083450,GST,KOSDAQ,1046824000000,우량기업부
496320,본시스템즈,KONEX,1039340379000,일반기업부
000080,하이트진로,KOSPI,1036574770580,
000210,DL,KOSPI,1022647139200,
036830,솔브레인홀딩스,KOSDAQ GLOBAL,1020073054750,우량기업부
003240,태광산업,KOSPI,1012080600000,
086450,동국제약,KOSDAQ GLOBAL,1006376845000,우량기업부
017960,한국카본,KOSPI,1001490298680,
293490,카카오게임즈,KOSDAQ GLOBAL,995933322450,중견기업부
458870,씨어스,KOSDAQ,989310339600,기술성장기업부
006340,대원전선,KOSPI,988021641600,
192400,쿠쿠홀딩스,KOSPI,979738196750,
033790,피노,KOSDAQ,973666627960,중견기업부
030190,NICE평가정보,KOSPI,970174537650,
327260,RF머트리얼즈,KOSDAQ,965923809600,벤처기업부
451800,한화리츠,KOSPI,962656000000,
160190,하이젠알앤엠,KOSDAQ,962161200000,중견기업부
051915,LG화학우,KOSPI,961113150900,
161580,필옵틱스,KOSDAQ,958787902300,중견기업부
009240,한샘,KOSPI,951947387600,
003570,SNT다이내믹스,KOSPI,947701864500,
491000,리브스메드,KOSDAQ,942021608300,기술성장기업부
295310,에이치브이엠,KOSDAQ,932293069800,기술성장기업부
003530,한화투자증권,KOSPI,932210082375,
445680,큐리옥스바이오시스템즈,KOSDAQ,919798926600,기술성장기업부
388210,씨엠티엑스,KOSDAQ,915240722400,벤처기업부
100790,미래에셋벤처투자,KOSDAQ,911549118480,우량기업부
034230,파라다이스,KOSPI,909620531240,
185750,종근당,KOSPI,904082090000,
009450,경동나비엔,KOSPI,894511548800,
071320,지역난방공사,KOSPI,890405413600,
003090,대웅,KOSPI,890153713800,
065350,신성델타테크,KOSDAQ,889105717800,우량기업부
032350,롯데관광개발,KOSPI,886547092960,
285130,SK케미칼,KOSPI,883966942600,
005300,롯데칠성,KOSPI,882421868400,
004490,세방전지,KOSPI,867636000000,
074600,원익QnC,KOSDAQ,849102400000,우량기업부
031330,에스에이엠티,KOSDAQ,844458340815,우량기업부
281740,레이크머티리얼즈,KOSDAQ,836749876040,우량기업부
000370,한화손해보험,KOSPI,833515853100,
079160,CJ CGV,KOSPI,832881468910,
328130,루닛,KOSDAQ,831697870600,기술성장기업부
032500,케이엠더블유,KOSDAQ,828645007640,중견기업부
077970,STX엔진,KOSPI,827050097800,
059090,미코,KOSDAQ,822052738800,벤처기업부
388720,유일로보틱스,KOSDAQ,821159746500,벤처기업부
251970,펌텍코리아,KOSDAQ GLOBAL,819640000000,우량기업부
003470,유안타증권,KOSPI,813110030440,
041960,코미팜,KOSDAQ,812592208890,벤처기업부
053800,안랩,KOSDAQ,812234938000,우량기업부
248070,솔루엠,KOSPI,806181738960,
119850,지엔씨에너지,KOSDAQ,803529204650,우량기업부
071055,한국금융지주우,KOSPI,801994561900,
115180,큐리언트,KOSDAQ,799477416300,벤처기업부
064290,인텍플러스,KOSDAQ,799400247000,중견기업부
425420,티에프이,KOSDAQ,790219584000,우량기업부
038500,삼표시멘트,KOSDAQ GLOBAL,784551544620,우량기업부
137310,에스디바이오센서,KOSPI,781246689940,
005180,빙그레,KOSPI,778962668100,
121600,나노신소재,KOSDAQ,778649128500,우량기업부
033100,제룡전기,KOSDAQ GLOBAL,771798752450,우량기업부
137400,피엔티,KOSDAQ GLOBAL,771133196400,우량기업부
005690,파미셀,KOSPI,769251459480,
006730,서부T&D,KOSDAQ GLOBAL,766823691390,우량기업부
014620,성광벤드,KOSDAQ GLOBAL,764852083200,우량기업부
099320,쎄트렉아이,KOSDAQ,761113821000,우량기업부
365550,ESR켄달스퀘어리츠,KOSPI,759184565000,
033640,네패스,KOSDAQ,758647745800,중견기업부
085660,차바이오텍,KOSDAQ,757728694900,중견기업부
490470,세미파이브,KOSDAQ,753663496000,기술성장기업부
100090,SK오션플랜트,KOSPI,752861454450,
122870,와이지엔터테인먼트,KOSDAQ GLOBAL,752314722250,우량기업부
035760,CJ ENM,KOSDAQ GLOBAL,752169982200,중견기업부
171090,선익시스템,KOSDAQ,751469849200,우량기업부
476830,알지노믹스,KOSDAQ,743469054000,기술성장기업부
090360,로보스타,KOSDAQ,739050000000,중견기업부
499790,GS피앤엘,KOSPI,737707285200,
003850,보령,KOSPI,736054236060,
036530,SNT홀딩스,KOSPI,733674870000,
213420,덕산네오룩스,KOSDAQ,732519780500,우량기업부
000670,영풍,KOSPI,731824649250,
036810,에프에스티,KOSDAQ,728515399850,중견기업부
298050,HS효성첨단소재,KOSPI,727991550000,
090710,휴림로봇,KOSDAQ,726918896320,중견기업부
102710,이엔에프테크놀로지,KOSDAQ,722964501600,우량기업부
053610,프로텍,KOSDAQ,721800000000,우량기업부
090460,비에이치,KOSPI,719741336300,
214320,이노션,KOSPI,714000000000,
032190,다우데이타,KOSDAQ,708167000000,우량기업부
000400,롯데손해보험,KOSPI,706015128000,
044490,태웅,KOSDAQ,705260180250,우량기업부
002960,한국쉘석유,KOSPI,703300000000,
253590,네오셈,KOSDAQ,701467932360,우량기업부
456160,지투지바이오,KOSDAQ,698851627650,기술성장기업부
122640,예스티,KOSDAQ,698255231250,벤처기업부
466100,클로봇,KOSDAQ,698006814450,기술성장기업부
094800,맵스리얼티,KOSPI,696257482500,
064960,SNT모티브,KOSPI,692701099200,
041830,인바디,KOSDAQ,687524982000,우량기업부
093050,LF,KOSPI,685678000000,
023160,태광,KOSDAQ GLOBAL,680308464600,우량기업부
189300,인텔리안테크,KOSDAQ,678609810400,우량기업부
092870,엑시콘,KOSDAQ,673421125200,우량기업부
476060,온코닉테라퓨틱스,KOSDAQ,670673796800,기술성장기업부
222080,SFA넥셀,KOSDAQ GLOBAL,668131436960,우량기업부
048410,현대바이오,KOSDAQ,664923391080,중견기업부
293940,신한알파리츠,KOSPI,662751874040,
005090,SGC에너지,KOSPI,661388384700,
005880,대한해운,KOSPI,655177100200,
268280,미원에스씨,KOSPI,653000000000,
225570,넥슨게임즈,KOSDAQ,646746908680,중견기업부
069260,TKG휴켐스,KOSPI,643837761000,
456040,OCI,KOSPI,643684390500,
100840,SNT에너지,KOSPI,634331566800,
001570,금양,KOSPI,633275240400,
014820,동원시스템즈,KOSPI,630560383500,
024850,HLB이노베이션,KOSDAQ,630354470750,중견기업부
077360,덕산하이메탈,KOSDAQ,630211217740,벤처기업부
000640,동아쏘시오홀딩스,KOSPI,630164527200,
093320,케이아이엔엑스,KOSDAQ,627080000000,우량기업부
002840,미원상사,KOSPI,625050000000,
453340,현대그린푸드,KOSPI,621830891050,
126340,비나텍,KOSDAQ,621823852400,벤처기업부
317450,명인제약,KOSPI,621230000000,
253450,스튜디오드래곤,KOSDAQ GLOBAL,620707983700,우량기업부
017940,E1,KOSPI,619458000000,
124500,아이티센글로벌,KOSDAQ,616080191850,우량기업부
383800,LX홀딩스,KOSPI,614059554500,
001060,JW중외제약,KOSPI,613584255500,
108320,LX세미콘,KOSPI,609911250000,
001680,대상,KOSPI,608765799250,
178920,PI첨단소재,KOSPI,606414549300,
336370,솔루스첨단소재,KOSPI,604527885780,
046890,서울반도체,KOSDAQ GLOBAL,604043944000,중견기업부
004710,한솔테크닉스,KOSPI,603104788290,
219130,타이거일렉,KOSDAQ,601120408000,벤처기업부
192650,드림텍,KOSPI,600887880480,
017900,광전자,KOSPI,600297384680,
144960,뉴파워프라즈마,KOSDAQ,599462801280,우량기업부
050890,쏠리드,KOSDAQ,593591337180,우량기업부
045100,한양이엔지,KOSDAQ,586250000000,우량기업부
006650,대한유화,KOSPI,582400000000,
078350,한양디지텍,KOSDAQ,582335392400,우량기업부
033240,자화전자,KOSPI,580107728700,
080580,오킨스전자,KOSDAQ,580001262500,벤처기업부
001530,DI동일,KOSPI,570715358550,
047920,HLB제약,KOSDAQ,569786879040,기술성장기업부
399720,가온칩스,KOSDAQ,561516263400,벤처기업부
214430,아이쓰리시스템,KOSDAQ,561194112000,우량기업부
002350,넥센타이어,KOSPI,556706898900,
016380,KG스틸,KOSPI,556049467320,
067630,HLB생명과학,KOSDAQ,552284272740,투자주의환기종목(소속부없음)
284740,쿠쿠홈시스,KOSPI,550836451500,
079900,전진건설로봇,KOSPI,550138946500,
089890,코세스,KOSDAQ,547303746000,우량기업부
025540,한국단자,KOSPI,546210000000,
358570,지아이이노베이션,KOSDAQ,544515090640,기술성장기업부
161000,애경케미칼,KOSPI,544379053710,
009520,포스코엠텍,KOSDAQ GLOBAL,543853701180,중견기업부
069540,빛과전자,KOSDAQ,541484565085,벤처기업부
00104K,CJ4우(전환),KOSPI,536767024000,
060250,NHN KCP,KOSDAQ,534939338520,우량기업부
00088K,한화3우B,KOSPI,534228713200,
042000,카페24,KOSDAQ,533128626450,우량기업부
114090,GKL,KOSPI,532577318700,
075580,세진중공업,KOSPI,529836929920,
101160,월덱스,KOSDAQ,528351776000,우량기업부
003620,KG모빌리티,KOSPI,528198520320,
003300,한일홀딩스,KOSPI,526909377960,
383310,에코프로에이치엔,KOSDAQ,524373300000,우량기업부
007700,F&F홀딩스,KOSPI,524132517800,
112040,위메이드,KOSDAQ,522806638200,중견기업부
052400,코나아이,KOSDAQ GLOBAL,521365817800,우량기업부
484870,엠앤씨솔루션,KOSPI,519575364000,
079940,가비아,KOSDAQ,518709436600,우량기업부
001270,부국증권,KOSPI,516420322800,
009410,태영건설,KOSPI,516236269392,
019170,신풍제약,KOSPI,514749886040,
104830,원익머트리얼즈,KOSDAQ,512515200000,우량기업부
348340,뉴로메카,KOSDAQ,511474064400,기술성장기업부
001510,SK증권,KOSPI,511162137850,
174900,앱클론,KOSDAQ,509776895950,벤처기업부
008060,대덕,KOSPI,509041084460,
005810,풍산홀딩스,KOSPI,508930407600,
029460,케이씨,KOSPI,508597690250,
094170,동운아나텍,KOSDAQ,508111444800,우량기업부
0220W0,한화머시너리앤서비스홀딩스,KOSPI,503712588600,
058650,세아홀딩스,KOSPI,502849264000,
052020,에스티큐브,KOSDAQ,502396520490,투자주의환기종목(소속부없음)
356680,엑스게이트,KOSDAQ,502365459200,벤처기업부
037460,삼지전자,KOSDAQ,499346773200,우량기업부
290550,디케이티,KOSDAQ,493030319500,우량기업부
468530,프로티나,KOSDAQ,491958056400,기술성장기업부
452260,한화갤러리아,KOSPI,491434111350,
098120,마이크로컨텍솔,KOSDAQ,487959364200,우량기업부
082270,젬백스,KOSDAQ,487097086770,벤처기업부
211050,인카금융서비스,KOSDAQ,486724931160,우량기업부
099190,아이센스,KOSDAQ,485598725460,중견기업부
003545,대신증권우,KOSPI,483277679880,
086900,메디톡스,KOSDAQ,481700802000,우량기업부
417840,저스템,KOSDAQ,479585632900,벤처기업부
365340,성일하이텍,KOSDAQ,478727310750,기술성장기업부
033160,엠케이전자,KOSDAQ,477770928100,중견기업부
056080,유진로봇,KOSDAQ,477561220140,중견기업부
025980,아난티,KOSDAQ,476288346050,우량기업부
200470,에이팩트,KOSDAQ,474170875920,중견기업부
278280,천보,KOSDAQ,472966765000,중견기업부
089010,켐트로닉스,KOSDAQ,472076260050,우량기업부
145990,삼양사,KOSPI,471324619300,
034950,한국기업평가,KOSDAQ,470851301800,우량기업부
041190,우리기술투자,KOSDAQ,470022000000,우량기업부
348370,엔켐,KOSDAQ,469990821300,중견기업부
377740,바이오노트,KOSPI,469185251040,
125490,한라캐스트,KOSDAQ,467595129120,벤처기업부
001500,현대차증권,KOSPI,466839482200,
376900,로킷헬스케어,KOSDAQ,466661507500,기술성장기업부
020000,한섬,KOSPI,466050769800,
015750,성우하이텍,KOSDAQ,465600000000,우량기업부
460860,동국제강,KOSPI,464827119290,
159010,아스플로,KOSDAQ,463382180250,벤처기업부
039130,하나투어,KOSPI,462374470200,
004690,삼천리,KOSPI,462051389800,
448730,삼성FN리츠,KOSPI,459802500000,
376300,디어유,KOSDAQ,458151235800,우량기업부
005250,녹십자홀딩스,KOSPI,457584483300,
033500,동성화인텍,KOSDAQ,454640729040,우량기업부
019210,와이지-원,KOSDAQ,451903795200,우량기업부
018290,브이티,KOSDAQ,451099128580,우량기업부
475960,토모큐브,KOSDAQ,450778020300,기술성장기업부
368770,파이버프로,KOSDAQ,447474544500,벤처기업부
002240,고려제강,KOSPI,446310000000,
249420,일동제약,KOSPI,445782970680,
009900,명신산업,KOSPI,443372623850,
005420,코스모화학,KOSPI,442846868840,
340570,티앤엘,KOSDAQ,442731806000,우량기업부
272290,이녹스첨단소재,KOSDAQ GLOBAL,442612699800,우량기업부
012030,DB,KOSPI,442582652600,
002030,아세아,KOSPI,439564902000,
336570,원텍,KOSDAQ,439260778320,우량기업부
079370,제우스,KOSDAQ,439200578400,우량기업부
035890,서희건설,KOSDAQ,439049753640,중견기업부
003280,흥아해운,KOSPI,439015865574,
004700,조광피혁,KOSPI,438178194200,
460930,현대힘스,KOSDAQ,437136360010,우량기업부
000070,삼양홀딩스,KOSPI,436291334200,
170920,엘티씨,KOSDAQ,433129166000,벤처기업부
010780,아이에스동서,KOSPI,433088412760,
078340,컴투스,KOSDAQ GLOBAL,431659874100,중견기업부
027360,아주IB투자,KOSDAQ,427037556150,중견기업부
078130,에스엠국일,KOSDAQ,426723121795,중견기업부
217590,티엠씨,KOSPI,426708724750,
403550,쏘카,KOSPI,426444948080,
034310,NICE,KOSPI,426383021200,
030520,한컴,KOSDAQ,426288886720,우량기업부
016610,DB증권,KOSPI,423190498330,
003030,세아제강지주,KOSPI,420792351200,
107640,한중엔시에스,KOSDAQ,419706999800,기술성장기업부
475830,오름테라퓨틱,KOSDAQ,419396220480,기술성장기업부
271940,일진하이솔루스,KOSPI,416512289300,
348210,넥스틴,KOSDAQ,415937098500,우량기업부
090435,아모레퍼시픽우,KOSPI,414394827500,
067160,SOOP,KOSDAQ GLOBAL,413970504000,우량기업부
002990,금호건설,KOSPI,411722712700,
052710,아모텍,KOSDAQ,410043560000,중견기업부
306200,세아제강,KOSPI,409561720000,
114810,한솔아이원스,KOSDAQ,409483181700,우량기업부
014830,유니드,KOSPI,408763040000,
072710,농심홀딩스,KOSPI,408589299000,
397030,에이프릴바이오,KOSDAQ,406492034500,기술성장기업부
204620,글로벌텍스프리,KOSDAQ,406237647400,우량기업부
187660,페니트리움바이오,KOSDAQ,405546044020,중견기업부
101730,위메이드맥스,KOSDAQ,404350854950,중견기업부
215200,메가스터디교육,KOSDAQ,404243424000,우량기업부
013030,하이록코리아,KOSDAQ,404235746400,우량기업부
486990,노타,KOSDAQ,404103002700,기술성장기업부
005945,NH투자증권우,KOSPI,401951618400,
003000,부광약품,KOSPI,400578564260,
011930,신성이엔지,KOSPI,398407290840,
330860,네패스아크,KOSDAQ,397199867000,중견기업부
002810,삼영무역,KOSPI,397039382000,
241770,메카로,KOSDAQ,396493696000,우량기업부
039440,에스티아이,KOSDAQ,394654346150,우량기업부
332570,PS일렉트로닉스,KOSDAQ,393251561680,우량기업부
357120,코람코라이프인프라리츠,KOSPI,393234830160,
441270,파인엠텍,KOSDAQ,392051706750,벤처기업부
005389,현대차3우B,KOSPI,387529449400,
008730,율촌화학,KOSPI,385392000000,
236200,슈프리마,KOSDAQ,384284536100,우량기업부
001200,유진투자증권,KOSPI,384075347370,
095660,네오위즈,KOSDAQ,383830782660,우량기업부
317400,자이에스앤디,KOSPI,382783472400,
130660,한전산업,KOSPI,381746000000,
015360,INVENI,KOSPI,381150000000,
372320,큐로셀,KOSDAQ,380678800000,기술성장기업부
092230,KPX홀딩스,KOSPI,380665187600,
031430,신세계인터내셔날,KOSPI,379947960000,
393890,더블유씨피,KOSDAQ,378704781360,기술성장기업부
200710,에이디테크놀로지,KOSDAQ,378282396700,중견기업부
138080,오이솔루션,KOSDAQ,377521619000,벤처기업부
092190,서울바이오시스,KOSDAQ,376120740600,투자주의환기종목(소속부없음)
078160,메디포스트,KOSDAQ,375972142770,벤처기업부
344820,KCC글라스,KOSPI,375307032000,
477850,마키나락스,KOSDAQ,372849456000,기술성장기업부
069080,웹젠,KOSDAQ GLOBAL,371908565750,우량기업부
029530,신도리코,KOSPI,369683488450,
025900,동화기업,KOSDAQ,369573753350,중견기업부
092730,네오팜,KOSDAQ,369445146450,우량기업부
036800,나이스정보통신,KOSDAQ,367640000000,우량기업부
126560,현대퓨처넷,KOSPI,367461499600,
016590,신대양제지,KOSPI,365904205600,
046970,우리로,KOSDAQ,365500491660,벤처기업부
002710,TCC스틸,KOSPI,364894662240,
027410,BGF,KOSPI,364202389755,
025320,시노펙스,KOSDAQ,363810870585,우량기업부
001940,KISCO홀딩스,KOSPI,363624147000,
354320,알멕,KOSDAQ,363030440800,기술성장기업부
006405,삼성SDI우,KOSPI,360790808000,
168360,펨트론,KOSDAQ,360072316560,벤처기업부
089590,제주항공,KOSPI,359658793100,
010955,S-Oil우,KOSPI,358755888400,
0120G0,삼양바이오팜,KOSPI,358037140500,
183190,아세아시멘트,KOSPI,357624023680,
003350,한국화장품제조,KOSPI,355535400000,
060280,큐렉소,KOSDAQ,355246791900,중견기업부
389470,인벤티지랩,KOSDAQ,354650418200,기술성장기업부
003800,에이스침대,KOSDAQ,353771000000,우량기업부
950210,프레스티지바이오파마,KOSPI,353365391400,
006220,제주은행,KOSPI,353038522380,
007690,국도화학,KOSPI,352837699200,
078020,LS증권,KOSDAQ,352305556500,우량기업부
194370,제이에스코퍼레이션,KOSPI,352263442120,
105630,한세실업,KOSPI,352000000000,
110990,디아이티,KOSDAQ,351540000000,우량기업부
005610,삼립,KOSPI,347317612250,
145720,덴티움,KOSPI,347111612750,
482630,삼양엔씨켐,KOSDAQ,345615941200,중견기업부
092790,넥스틸,KOSPI,344526500000,
091580,상신이디피,KOSDAQ,342535228300,우량기업부
006910,보성파워텍,KOSDAQ,342434873280,우량기업부
009290,광동제약,KOSPI,342124680960,
015860,일진홀딩스,KOSPI,341978057190,
170900,동아에스티,KOSPI,340962229050,
104700,한국철강,KOSPI,338985000000,
093520,매커스,KOSDAQ,338607262650,우량기업부
425040,티이엠씨,KOSDAQ,338270316140,우량기업부
456010,아이씨티케이,KOSDAQ,337179637500,기술성장기업부
036620,감성코퍼레이션,KOSDAQ,336986040000,우량기업부
060980,HL홀딩스,KOSPI,335415195150,
064260,다날,KOSDAQ,334352919940,중견기업부
017810,풀무원,KOSPI,333935947920,
017890,한국알콜,KOSDAQ,333463651780,우량기업부
005720,넥센,KOSPI,333128814180,
036200,유니셈,KOSDAQ,333013461780,우량기업부
121440,골프존홀딩스,KOSDAQ,330700234960,우량기업부
018000,유니슨,KOSDAQ,330152559087,중견기업부
097520,엠씨넥스,KOSPI,328279297500,
446540,메가터치,KOSDAQ,325686043200,중견기업부
455900,엔젤로보틱스,KOSDAQ,324791899100,기술성장기업부
061970,LB세미콘,KOSDAQ,324133902750,중견기업부
215600,신라젠,KOSDAQ,322829804120,중견기업부
448900,한국피아이엠,KOSDAQ,322553666700,기술성장기업부
000157,두산2우B,KOSPI,322386718000,
024720,콜마홀딩스,KOSPI,321012984240,
234340,헥토파이낸셜,KOSDAQ,320626555200,우량기업부
117730,티로보틱스,KOSDAQ,320549791030,벤처기업부
026890,스틱인베스트먼트,KOSPI,316757738290,
011760,현대코퍼레이션,KOSPI,316172287400,
001230,동국홀딩스,KOSPI,312570507150,
02826K,삼성물산우B,KOSPI,311862875000,
115450,HLB테라퓨틱스,KOSDAQ,310561204320,중견기업부
206650,유바이오로직스,KOSDAQ,307616809590,우량기업부
009160,SIMPAC,KOSPI,306589839920,
096760,JW홀딩스,KOSPI,305679635170,
381970,KG모빌리티플랫폼,KOSPI,305618508480,
265520,AP시스템,KOSDAQ,305531666300,우량기업부
900290,GRT,KOSDAQ,305153043650,외국기업(소속부없음)
086390,유니테스트,KOSDAQ,303908731880,중견기업부
126720,수산인더스트리,KOSPI,302863200000,
424870,이뮨온시아,KOSDAQ,302541510390,기술성장기업부
272450,진에어,KOSPI,302238000000,
084010,대한제강,KOSPI,302126328840,
005430,한국공항,KOSPI,301753631500,
199800,툴젠,KOSDAQ,298271401350,기술성장기업부
160980,싸이맥스,KOSDAQ,297685621750,우량기업부
003120,일성아이에스,KOSPI,297255000000,
002310,아세아제지,KOSPI,297054810300,
005950,이수화학,KOSPI,296598226320,
018250,애경산업,KOSPI,296583570050,
025860,남해화학,KOSPI,296085904280,
042520,한스바이오메드,KOSDAQ,295923365250,벤처기업부
200880,서연이화,KOSPI,295420816410,
000650,천일고속,KOSPI,295133930000,
054950,제이브이엠,KOSDAQ,294993364800,우량기업부
123890,한국자산신탁,KOSPI,294921161660,
049070,인탑스,KOSDAQ,294223587000,우량기업부
084110,휴온스글로벌,KOSDAQ,292441657200,우량기업부
025770,한국정보통신,KOSDAQ,290941985670,우량기업부
266690,덕산넵코어스,KOSDAQ,290588012820,기술성장기업부
078520,에이블씨엔씨,KOSPI,290574278640,
002020,코오롱,KOSPI,289777416000,
484590,삼양컴텍,KOSDAQ,289297359000,벤처기업부
452430,사피엔반도체,KOSDAQ,288939735000,기술성장기업부
108670,LX하우시스,KOSPI,288310590500,
488900,비츠로넥스텍,KOSDAQ,287156550130,기술성장기업부
035810,이지홀딩스,KOSDAQ,285806699550,우량기업부
092460,한라IMS,KOSDAQ,285389462400,우량기업부
001750,한양증권,KOSPI,284360526520,
010820,퍼스텍,KOSPI,284340398540,
244920,에이플러스에셋,KOSPI,283726547150,
033270,유나이티드제약,KOSPI,283689118250,
136480,하림,KOSDAQ,283579904340,우량기업부
084690,대상홀딩스,KOSPI,283182047160,
468670,브릴스,KOSDAQ,282954860100,벤처기업부
200670,휴메딕스,KOSDAQ,282432739500,우량기업부
386380,스카이랩스,KOSDAQ,281429655000,기술성장기업부
034830,한국토지신탁,KOSPI,280768023760,
448280,에코아이,KOSDAQ,278532612600,중견기업부
228760,지노믹트리,KOSDAQ,278423062400,기술성장기업부
012210,삼미금속,KOSDAQ,278232558530,중견기업부
044450,KSS해운,KOSPI,277703557500,
004430,송원산업,KOSPI,277440000000,
203650,드림시큐리티,KOSDAQ,277348127868,중견기업부
042370,비츠로테크,KOSDAQ,275886263250,우량기업부
493280,아이엠바이오로직스,KOSDAQ,274798738110,기술성장기업부
001390,KG케미칼,KOSPI,274579034860,
452280,한선엔지니어링,KOSDAQ,274279297500,우량기업부
122900,아이마켓코리아,KOSPI,273782199600,
389500,에스비비테크,KOSDAQ,273535525600,기술성장기업부
000430,대원강업,KOSPI,273110000000,
085910,네오티스,KOSDAQ,272585603680,중견기업부
314130,지놈앤컴퍼니,KOSDAQ,272480004250,기술성장기업부
352480,씨앤씨인터내셔널,KOSDAQ,272189122970,우량기업부
101930,인화정공,KOSDAQ,271426345740,우량기업부
016800,퍼시스,KOSPI,270825000000,
378340,필에너지,KOSDAQ,270548525000,중견기업부
094360,칩스앤미디어,KOSDAQ,270144216100,벤처기업부
317330,덕산테코피아,KOSDAQ,269881377120,중견기업부
304360,에스바이오메딕스,KOSDAQ,269592364800,벤처기업부
394280,오픈엣지테크놀로지,KOSDAQ,268998071300,기술성장기업부
309710,아이티켐,KOSDAQ,268443021000,관리종목(소속부없음)
060720,KH바텍,KOSDAQ,268028643440,중견기업부
254490,미래반도체,KOSDAQ,267391760000,우량기업부
017390,서울가스,KOSPI,267300000000,
035600,KG이니시스,KOSDAQ,266726921120,우량기업부
100120,뷰웍스,KOSDAQ,266450906700,우량기업부
267980,매일유업,KOSDAQ,266311420500,우량기업부
002900,TYM,KOSPI,265788000000,
036710,심텍홀딩스,KOSDAQ,265723602620,중견기업부
002320,한진,KOSPI,265523519760,
182400,엔케이젠바이오텍코리아,KOSDAQ,265496721770,관리종목(소속부없음)
286940,롯데이노베이트,KOSPI,265217803510,
005500,삼진제약,KOSPI,265068000000,
091810,트리니티항공,KOSPI,264454775690,
472850,폰드그룹,KOSDAQ,264253882680,중견기업부
058430,포스코스틸리온,KOSPI,264000000000,
294570,쿠콘,KOSDAQ,263394205200,우량기업부
001250,GS글로벌,KOSPI,262044700700,
287840,인투셀,KOSDAQ,261982982400,기술성장기업부
003200,일신방직,KOSPI,261055200000,
232530,이엠티,KONEX,260753614720,일반기업부
004360,세방,KOSPI,260736824920,
272110,케이엔제이,KOSDAQ,260424067750,우량기업부
0035S0,빅웨이브로보틱스,KOSDAQ,258814357200,기술성장기업부
010690,화신,KOSPI,258411034000,
089980,상아프론테크,KOSDAQ,258382837920,우량기업부
099440,스맥,KOSDAQ,256595161440,중견기업부
121800,비덴트,KOSDAQ,256309348520,관리종목(소속부없음)
416180,신성에스티,KOSDAQ,256277706300,벤처기업부
151860,KG에코솔루션,KOSDAQ,256104150760,우량기업부
037710,광주신세계,KOSPI,255891620600,
051500,CJ프레시웨이,KOSDAQ,255832678300,우량기업부
098070,한텍,KOSDAQ,255230185950,중견기업부
068930,디지털대성,KOSDAQ,254059639560,우량기업부
043150,바텍,KOSDAQ,254007777600,우량기업부
091700,파트론,KOSDAQ,254000000000,우량기업부
071200,인피니트헬스케어,KOSDAQ,253967127780,중견기업부
024840,KBI메탈,KOSDAQ,253843583280,중견기업부
377460,큐에이드,KOSDAQ,253187202960,관리종목(소속부없음)
032580,피델릭스,KOSDAQ,253128968960,중견기업부
445090,에이직랜드,KOSDAQ,252928982700,벤처기업부
020120,키다리스튜디오,KOSPI,252033608800,
484120,도우인시스,KOSDAQ,251472834900,중견기업부
003960,사조대림,KOSPI,251106395800,
073490,LIG아큐버,KOSDAQ,250926918000,우량기업부
005680,삼영전자,KOSPI,249400000000,
112290,와이씨켐,KOSDAQ,249326039700,기술성장기업부
004310,현대약품,KOSPI,249280000000,
439090,마녀공장,KOSDAQ,249177552000,우량기업부
334890,이지스밸류플러스리츠,KOSPI,248973528555,
023410,유진기업,KOSDAQ,248940978860,중견기업부
105840,우진,KOSPI,248633317700,
036030,케이티알파,KOSDAQ,247056470640,우량기업부
226320,잇츠한불,KOSPI,246485500600,
298690,에어부산,KOSPI,245512712104,
243840,신흥에스이씨,KOSDAQ,245230374600,우량기업부
025000,KPX케미칼,KOSPI,243828018000,
486510,글로벌테크놀로지,KOSDAQ,243612185600,기술성장기업부
432320,KB스타리츠,KOSPI,241976677425,
0011T0,채비,KOSDAQ,241790393650,기술성장기업부
001790,대한제당,KOSPI,241046152425,
450950,아스테라시스,KOSDAQ,240440312880,벤처기업부
136490,선진,KOSPI,239698408320,
377450,리파인,KOSDAQ,239154000000,우량기업부
389260,대명에너지,KOSDAQ,239003775500,우량기업부
461300,아이스크림미디어,KOSDAQ,238544061370,벤처기업부
061090,세나테크놀로지,KOSDAQ,237565047500,벤처기업부
389650,넥스트바이오메디컬,KOSDAQ,237558108200,기술성장기업부
007160,사조산업,KOSPI,237500000000,
030210,다올투자증권,KOSPI,236944202340,
099430,바이오플러스,KOSDAQ,236392168870,우량기업부
044820,코스맥스비티아이,KOSPI,236256456600,
010580,에스엠벡셀,KOSPI,235853731200,
064850,에프앤가이드,KOSDAQ,235623355800,벤처기업부
404990,신한서부티엔디리츠,KOSPI,235418425200,
043370,피에이치에이,KOSDAQ,235200000000,우량기업부
036890,진성티이씨,KOSDAQ,235088087410,우량기업부
108860,셀바스AI,KOSDAQ,234966116700,벤처기업부
005160,동국산업,KOSDAQ,234607384650,중견기업부
003920,남양유업,KOSPI,234597033450,
001460,BYC,KOSPI,234542932500,
462350,이노스페이스,KOSDAQ,234460478240,기술성장기업부
114190,강원에너지,KOSDAQ,234062420480,중견기업부
348950,제이알글로벌리츠,KOSPI,233298432000,
0030R0,대신밸류리츠,KOSPI,233142000000,
008490,서흥,KOSPI,233117626950,
064820,케이프,KOSDAQ,232994623250,우량기업부
083310,엘오티베큠,KOSDAQ,232599030980,우량기업부
011560,세보엠이씨,KOSDAQ,231952056000,우량기업부
340450,지씨지놈,KOSDAQ,231541263470,기술성장기업부
200130,콜마비앤에이치,KOSDAQ GLOBAL,231355486320,우량기업부
067390,아스트,KOSDAQ,231215505930,중견기업부
144510,지씨셀,KOSDAQ,231159032720,중견기업부
000680,LS네트웍스,KOSPI,230104806720,
001340,PKC,KOSPI,230093534790,
011500,한농화성,KOSPI,229708146980,
003070,코오롱글로벌,KOSPI,229324110180,
126600,BGF에코머티리얼즈,KOSDAQ,229099181350,우량기업부
134380,미원화학,KOSPI,228064091600,
001470,삼부토건,KOSPI,227794235460,
243070,휴온스,KOSDAQ,227254245050,우량기업부
017860,DS단석,KOSPI,226672660560,
298830,슈어소프트테크,KOSDAQ,226129450770,우량기업부
376270,HEM파마,KOSDAQ,224876429050,기술성장기업부
382800,지앤비에스 에코,KOSDAQ,224727149460,우량기업부
215000,골프존,KOSDAQ,224659857000,우량기업부
067080,대화제약,KOSDAQ,224516799000,중견기업부
078150,HB테크놀러지,KOSDAQ,224490052270,우량기업부
180400,DXVX,KOSDAQ,224419104960,관리종목(소속부없음)
900140,엘브이엠씨홀딩스,KOSPI,222999458528,
216080,제테마,KOSDAQ,222603981030,벤처기업부
018310,삼목에스폼,KOSDAQ,221823000000,우량기업부
419530,SAMG엔터,KOSDAQ,221499212900,기술성장기업부
293780,압타바이오,KOSDAQ,221095097350,기술성장기업부
023760,한국캐피탈,KOSDAQ,220926703200,우량기업부
237880,클리오,KOSDAQ,220651220130,우량기업부
065710,서호전기,KOSDAQ,220162500000,우량기업부
000050,경방,KOSPI,220144618100,
092200,디아이씨,KOSPI,219720414850,
000540,흥국화재,KOSPI,219067419450,
025560,미래산업,KOSPI,218895982640,
0008Z0,에스엔시스,KOSDAQ,218456456600,벤처기업부
009680,모토닉,KOSPI,218417594700,
028100,동아지질,KOSPI,218382396820,
003720,삼영,KOSPI,218280000000,
094480,갤럭시아머니트리,KOSDAQ,218117899280,우량기업부
095500,미래나노텍,KOSDAQ,218000292970,우량기업부
405100,큐알티,KOSDAQ,217520627700,중견기업부
005010,휴스틸,KOSPI,217166909875,
190510,나무가,KOSDAQ,216773028630,우량기업부
064550,바이오니아,KOSDAQ,216548341490,중견기업부
034120,SBS,KOSPI,216307435080,
206640,바디텍메드,KOSDAQ,216231180270,우량기업부
053690,한미글로벌,KOSPI,215863735000,
077500,유니퀘스트,KOSPI,214705013880,
0001A0,덕양에너젠,KOSDAQ,214703349660,중견기업부
365270,큐라클,KOSDAQ,214479682560,기술성장기업부
126730,코칩,KOSDAQ,214429580700,벤처기업부
000490,대동,KOSPI,213895338300,
176750,듀켐바이오,KOSDAQ,213665400000,기술성장기업부
241520,DSC인베스트먼트,KOSDAQ,213332000000,중견기업부
003650,미창석유,KOSPI,213283787200,
187870,디바이스,KOSDAQ,213278747220,우량기업부
065680,우주일렉트로,KOSDAQ,212903092050,우량기업부
263860,지니언스,KOSDAQ,212462640000,벤처기업부
382900,범한퓨얼셀,KOSDAQ,211578150000,벤처기업부
439960,코스모로보틱스,KOSDAQ,211578081520,기술성장기업부
084990,헬릭스미스,KOSDAQ,210413618305,기술성장기업부
045390,대아티아이,KOSDAQ,210363030345,우량기업부
125020,티씨머티리얼즈,KOSDAQ,210231300000,중견기업부
950170,JTC,KOSDAQ,210212125650,외국기업(소속부없음)
452450,피아이이,KOSDAQ,209685870000,벤처기업부
475560,더본코리아,KOSPI,209370936400,
128820,대성산업,KOSPI,208761730970,
256840,한국비엔씨,KOSDAQ,208604402300,우량기업부
005710,대원산업,KOSDAQ,208391040000,우량기업부
053300,한국정보인증,KOSDAQ,208112667960,우량기업부
033920,무학,KOSPI,207765000000,
019010,베뉴지,KOSDAQ,207742000000,중견기업부
475400,씨메스로보틱스,KOSDAQ,207683265460,기술성장기업부
053030,바이넥스,KOSDAQ,207544593800,중견기업부
03473K,SK우,KOSPI,207488477500,
380540,옵티코어,KOSDAQ,206658126350,관리종목(소속부없음)
049430,코메론,KOSDAQ,205842000000,우량기업부
481070,에이유브랜즈,KOSDAQ,205804594000,중견기업부
035510,신세계 I&C,KOSPI,205798848000,
088260,이리츠코크렙,KOSPI,204910043650,
003555,LG우,KOSPI,203557052400,
035150,백산,KOSPI,203246692120,
307180,아이엘,KOSDAQ,203036218000,벤처기업부
462860,더즌,KOSDAQ,202744890975,벤처기업부
000320,노루홀딩스,KOSPI,202025495200,
000480,CR홀딩스,KOSPI,201863559450,
459510,나우로보틱스,KOSDAQ,198439460780,기술성장기업부
014940,오리엔탈정공,KOSDAQ,197789688740,우량기업부
036170,에이치엠넥스,KOSDAQ,197597315720,중견기업부
217730,강스템바이오텍,KOSDAQ,197043442155,기술성장기업부
036190,금화피에스시,KOSDAQ,196800000000,우량기업부
058970,엠로,KOSDAQ,196568424600,기술성장기업부
000390,SP삼화,KOSPI,196409046180,
403850,더핑크퐁컴퍼니,KOSDAQ,196034796600,중견기업부
004980,성신양회,KOSPI,195883423270,
051905,LG생활건강우,KOSPI,195790590600,
037270,YG PLUS,KOSPI,195445747700,
117580,대성에너지,KOSPI,194700000000,
298000,효성화학,KOSPI,194140723200,
339770,교촌에프앤비,KOSPI,194114335800,
314930,바이오다인,KOSDAQ,194061951560,기술성장기업부
119610,인터로조,KOSDAQ,193691286590,우량기업부
234690,녹십자웰빙,KOSDAQ,193464633300,우량기업부
100250,진양홀딩스,KOSPI,193297500000,
080720,한국유니온제약,KOSDAQ,192441519730,관리종목(소속부없음)
039570,HDC랩스,KOSPI,192345823410,
194700,노바렉스,KOSDAQ,191858452480,우량기업부
353810,이지바이오,KOSDAQ,191544316800,우량기업부
095570,AJ네트웍스,KOSPI,190740379185,
053210,스카이라이프,KOSPI,190567049550,
394800,쓰리빌리언,KOSDAQ,190298866940,기술성장기업부
003520,영진약품,KOSPI,190208440240,
005960,동부건설,KOSPI,189768903010,
163730,핑거,KOSDAQ,189698554620,벤처기업부
143240,사람인,KOSDAQ,189540029460,우량기업부
388050,지투파워,KOSDAQ,189339502440,우량기업부
086670,비엠티,KOSDAQ,189088109250,우량기업부
066620,국보디자인,KOSDAQ,189000000000,우량기업부
351320,넥사다이내믹스,KOSDAQ,188988099575,중견기업부
083930,아바코,KOSDAQ,188896194630,우량기업부
051160,지어소프트,KOSDAQ,188891898480,중견기업부
001130,대한제분,KOSPI,188435000000,
016580,환인제약,KOSPI,188046707700,
487570,HS효성,KOSPI,187786720800,
041920,메디아나,KOSDAQ,187656070070,우량기업부
001630,종근당홀딩스,KOSPI,187619294450,
013580,계룡건설,KOSPI,187549047000,
013120,동원개발,KOSDAQ,187518726500,우량기업부
102260,동성케미컬,KOSPI,187477486700,
016790,현대사료,KOSDAQ,187340898626,관리종목(소속부없음)
372170,윤성에프앤씨,KOSDAQ,187108675600,우량기업부
102460,이연제약,KOSPI,186797450550,
126700,하이비젼시스템,KOSDAQ,185730452160,우량기업부
102940,코오롱생명과학,KOSDAQ,185624750540,중견기업부
260870,SK시그넷,KONEX,185204530050,일반기업부
034810,해성산업,KOSDAQ,185059690720,중견기업부
036560,KZ정밀,KOSDAQ,184905000000,우량기업부
052330,코텍,KOSDAQ,184898141490,우량기업부
033530,SJG세종,KOSPI,184767202170,
024060,흥구석유,KOSDAQ,183450000000,중견기업부
199430,케이엔알시스템,KOSDAQ,182623771330,기술성장기업부
464080,에스오에스랩,KOSDAQ,182477453970,기술성장기업부
251370,와이엠티,KOSDAQ,182293715560,벤처기업부
003220,대원제약,KOSPI,182111973960,
355150,코스텍시스,KOSDAQ,182068122500,벤처기업부
220100,퓨쳐켐,KOSDAQ,182011612500,기술성장기업부
003547,대신증권2우B,KOSPI,181565987400,
214180,헥토이노베이션,KOSDAQ,181517336990,우량기업부
068790,DMS,KOSDAQ,181244293080,우량기업부
082800,비보존 제약,KOSDAQ,180944604680,중견기업부
260970,에스앤디,KOSDAQ,180218574200,우량기업부
000520,삼일제약,KOSPI,179825113190,
000140,하이트진로홀딩스,KOSPI,179156225800,
004560,현대비앤지스틸,KOSPI,178985486570,
094820,일진파워,KOSDAQ,178984275830,우량기업부
484810,티엑스알로보틱스,KOSDAQ,178921595700,벤처기업부
138610,나이벡,KOSDAQ,178701705960,기술성장기업부
054210,이랜텍,KOSDAQ,178303030500,우량기업부
002420,우양피앤엘,KOSPI,177656938800,
104480,티케이케미칼,KOSDAQ,177609678036,중견기업부
009470,삼화전기,KOSPI,177250376000,
015230,대창단조,KOSPI,177247838600,
012860,모베이스전자,KOSDAQ,177224965940,우량기업부
230240,에치에프알,KOSDAQ,177009700000,중견기업부
092070,디엔에프,KOSDAQ,176933708820,중견기업부
192440,슈피겐코리아,KOSDAQ,175923072900,우량기업부
002100,경농,KOSPI,175703175000,
003610,방림,KOSPI,175003740100,
264850,이랜시스,KOSDAQ,174799911240,중견기업부
000700,유수홀딩스,KOSPI,174740558520,
308430,셀비온,KOSDAQ,174608046030,기술성장기업부
119830,아이텍,KOSDAQ,174358181520,중견기업부
357550,석경에이티,KOSDAQ,174287250000,기술성장기업부
0015G0,그린광학,KOSDAQ,174250835490,기술성장기업부
377190,디앤디플랫폼리츠,KOSPI,174236400000,
304100,솔트룩스,KOSDAQ,174173014650,기술성장기업부
000300,DH오토넥스,KOSPI,174035631000,
013990,아가방컴퍼니,KOSDAQ,173646190080,우량기업부
489460,바이오비쥬,KOSDAQ,173498655120,벤처기업부
234080,JW생명과학,KOSPI,173230020760,
149950,아바텍,KOSDAQ,173169797010,우량기업부
007860,서연,KOSPI,173046450280,
014710,사조씨푸드,KOSPI,172874171720,
016450,한세예스24홀딩스,KOSPI,172400000000,
039860,나노엔텍,KOSDAQ,171609203765,중견기업부
084850,아이티엠반도체,KOSDAQ,171482981040,중견기업부
088800,에이스테크,KOSDAQ,170644540840,중견기업부
092130,이크레더블,KOSDAQ,170176068000,중견기업부
264450,유비쿼스,KOSDAQ,169533099080,우량기업부
478340,나라스페이스테크놀로지,KOSDAQ,169279850700,기술성장기업부
143160,아이디스,KOSDAQ,169211798100,우량기업부
213500,한솔제지,KOSPI,168984089600,
108380,대양전기공업,KOSDAQ,168959100780,우량기업부
003460,유화증권,KOSPI,168406172550,
123330,제닉,KOSDAQ,168139148000,우량기업부
418550,제이오,KOSDAQ,167772606520,기술성장기업부
199820,제일일렉트릭,KOSDAQ,167761000000,우량기업부
046120,오르비텍,KOSDAQ,167584393350,중견기업부
270660,에브리봇,KOSDAQ,167515695600,벤처기업부
038390,레드캡투어,KOSDAQ,167375428220,우량기업부
318060,그래피,KOSDAQ,167355936150,기술성장기업부
042420,네오위즈홀딩스,KOSDAQ,167323915650,우량기업부
086820,바이오솔루션,KOSDAQ,167210348250,기술성장기업부
245620,EDGC,KOSDAQ,167118555474,관리종목(소속부없음)
032620,GC메디아이,KOSDAQ,166508873410,우량기업부
445180,퓨릿,KOSDAQ,166391339840,우량기업부
001780,알루코,KOSPI,165773185984,
090350,노루페인트,KOSPI,165600000000,
488280,에스투더블유,KOSDAQ,165521680940,기술성장기업부
042510,라온시큐어,KOSDAQ,165254720640,벤처기업부
002150,도화엔지니어링,KOSPI,164890800000,
267320,나인테크,KOSDAQ,164494820175,벤처기업부
194480,데브시스터즈,KOSDAQ,164405216500,중견기업부
241590,화승엔터프라이즈,KOSPI,164196937960,
432720,퀄리타스반도체,KOSDAQ,164150208040,기술성장기업부
141000,비아트론,KOSDAQ,164033173400,벤처기업부
289080,SV인베스트먼트,KOSDAQ,163575993760,중견기업부
950140,잉글우드랩,KOSDAQ,163313858520,외국기업(소속부없음)
086890,이수앱지스,KOSDAQ,163303834950,중견기업부
051370,인터플렉스,KOSDAQ,163292304000,우량기업부
290690,아리바이오홀딩스,KOSDAQ,162933511350,중견기업부
000860,강남제비스코,KOSPI,162500000000,
049630,재영솔루텍,KOSDAQ,161453110490,우량기업부
0082N0,카나프테라퓨틱스,KOSDAQ,161336035400,기술성장기업부
101530,해태제과식품,KOSPI,161016025660,
039830,오로라,KOSDAQ,160905205500,우량기업부
307750,국전,KOSDAQ,160879138240,중견기업부
122990,와이솔,KOSDAQ,160813455330,중견기업부
066410,버킷스튜디오,KOSDAQ,159637252154,투자주의환기종목(소속부없음)
004380,삼익THK,KOSPI,159183000000,
417500,제이아이테크,KOSDAQ,158842084680,우량기업부
146320,비씨엔씨,KOSDAQ,158822224430,벤처기업부
093190,빅솔론,KOSDAQ,158336188150,우량기업부
0161M0,네오사피엔스,KOSDAQ,157950875850,기술성장기업부
032940,원익,KOSDAQ,157189083840,우량기업부
093640,케이알엠,KOSDAQ,157157181060,벤처기업부
101360,에코앤드림,KOSDAQ,157051386620,벤처기업부
255220,SG,KOSDAQ,157037523986,중견기업부
065660,안트로젠,KOSDAQ,156895648000,기술성장기업부
204610,티쓰리,KOSDAQ,156869309300,벤처기업부
396300,HT로보틱스,KOSDAQ,156552945000,우량기업부
041520,이엘씨,KOSDAQ,156381405900,투자주의환기종목(소속부없음)
274090,켄코아에어로스페이스,KOSDAQ,156337249450,기술성장기업부
002170,SYTS,KOSPI,156300000000,
156100,엘앤케이바이오,KOSDAQ,156234559470,벤처기업부
011040,경동제약,KOSDAQ,155997643620,중견기업부
388790,라이콤,KOSDAQ,155826074400,벤처기업부
072870,메가스터디,KOSDAQ,155806934130,우량기업부
226590,엠디바이스,KOSDAQ,155607703680,기술성장기업부
460850,동국씨엠,KOSPI,155473011200,
054450,텔레칩스,KOSDAQ,155076945920,중견기업부
123410,코리아에프티,KOSDAQ,154517905200,우량기업부
023910,대한약품,KOSDAQ,154500000000,우량기업부
123860,아나패스,KOSDAQ,154452307100,우량기업부
067280,멀티캠퍼스,KOSDAQ,154096254000,우량기업부
489500,엘케이켐,KOSDAQ,154028835800,벤처기업부
102120,어보브반도체,KOSDAQ,153803513450,벤처기업부
452190,한빛레이저,KOSDAQ,153569975940,벤처기업부
400760,NH올원리츠,KOSPI,153527323625,
078070,유비쿼스홀딩스,KOSDAQ,153358998570,중견기업부
067290,JW신약,KOSDAQ,153261476705,중견기업부
402030,코난테크놀로지,KOSDAQ,153214053120,기술성장기업부
158430,아톤,KOSDAQ,152523433160,벤처기업부
475040,스트라드비젼,KOSDAQ,152325661260,기술성장기업부
322310,오로스테크놀로지,KOSDAQ,152112642080,벤처기업부
118990,모트렉스,KOSDAQ,151886326490,우량기업부
041020,폴라리스오피스,KOSDAQ,151783987615,벤처기업부
007570,일양약품,KOSPI,151540172160,
220260,켐트로스,KOSDAQ,151380099600,벤처기업부
179290,엠아이텍,KOSDAQ,150985887870,우량기업부
142210,유니트론텍,KOSDAQ,150862699810,우량기업부
007330,푸른저축은행,KOSDAQ,150375516000,투자주의환기종목(소속부없음)
080160,모두투어,KOSDAQ,150255000000,우량기업부
293480,하나제약,KOSPI,150181393700,
000020,동화약품,KOSPI,149712679200,
00279K,아모레퍼시픽홀딩스3우C,KOSPI,149645420000,
001045,CJ우,KOSPI,149400740300,
462520,조선내화,KOSPI,149019461760,
054800,아이디스홀딩스,KOSDAQ,149007686400,중견기업부
004090,한국석유,KOSPI,148521204000,
0088M0,메쥬,KOSDAQ,148423885000,기술성장기업부
272550,삼양패키징,KOSPI,148273115040,
042600,새로닉스,KOSDAQ,148213237820,중견기업부
000970,한국주철관,KOSPI,147975245000,
069510,에스텍,KOSDAQ,147721400000,우량기업부
013890,지누스,KOSPI,147560721490,
271980,제일약품,KOSPI,147195768720,
101970,우양에이치씨,KOSDAQ,147160589550,중견기업부
024800,유성티엔에스,KOSDAQ,146889792900,우량기업부
413630,씨피시스템,KOSDAQ,146839518150,벤처기업부
205500,넥써쓰,KOSDAQ,146567391938,중견기업부
494120,큐리오시스,KOSDAQ,146493734400,기술성장기업부
097955,CJ제일제당 우,KOSPI,146017630000,
105330,케이엔더블유,KOSDAQ,145617436800,중견기업부
011785,금호석유화학우,KOSPI,145429676600,
0039P0,매드업,KOSDAQ,145381202000,기술성장기업부
046440,KG파이낸셜,KOSDAQ,145182795930,우량기업부
232680,라온로보틱스,KOSDAQ,145169625000,기술성장기업부
474650,링크솔루션,KOSDAQ,144695042300,기술성장기업부
950250,테라뷰,KOSDAQ,144037120620,기술성장기업부
049960,쎌바이오텍,KOSDAQ,144008000000,벤처기업부
052260,현대바이오랜드,KOSDAQ,144000000000,우량기업부
256940,킵스파마,KOSDAQ,143759532520,벤처기업부
023600,삼보판지,KOSDAQ,143754534000,우량기업부
008970,KBI동양철관,KOSPI,143405865474,
264660,씨앤지하이테크,KOSDAQ,143192863560,우량기업부
016880,웅진,KOSPI,142989546120,
147830,제룡산업,KOSDAQ,142800000000,벤처기업부
004150,한솔홀딩스,KOSPI,142567504500,
004970,신라교역,KOSPI,142560000000,
003830,대한화섬,KOSPI,142361600000,
006805,미래에셋증권우,KOSPI,141672020490,
089600,KT나스미디어,KOSDAQ,141555409600,우량기업부
417030,니어스랩,KOSDAQ,141550122000,기술성장기업부
012610,경인양행,KOSPI,141495641000,
048870,시너지이노베이션,KOSDAQ,141411675615,중견기업부
115310,인포바인,KOSDAQ,141048030990,벤처기업부
469610,이노테크,KOSDAQ,141029533000,중견기업부
008350,남선알미늄,KOSPI,140696208100,
015890,태경산업,KOSPI,140151856250,
321550,티움바이오,KOSDAQ,139678908750,기술성장기업부
071840,롯데하이마트,KOSPI,139521577920,
0010S0,와이즈플래닛컴퍼니,KOSDAQ,139078016400,중견기업부
107590,미원홀딩스,KOSPI,138968000000,
025820,이구산업,KOSPI,138951510000,
071280,로체시스템즈,KOSDAQ,138434257150,우량기업부
083500,에프엔에스테크,KOSDAQ,138384240820,우량기업부
003480,한진중공업홀딩스,KOSPI,137756572980,
265740,엔에프씨,KOSDAQ,137728356000,벤처기업부
037070,파세코,KOSDAQ,137600000000,중견기업부
212560,네오오토,KOSDAQ,137156159160,우량기업부
005990,매일홀딩스,KOSDAQ,136972531200,우량기업부
001080,만호제강,KOSPI,136597194400,
094280,효성ITX,KOSPI,136502342000,
0007C0,아크릴,KOSDAQ,136435204760,기술성장기업부
060150,인선이엔티,KOSDAQ,136235199880,중견기업부
059120,아진엑스텍,KOSDAQ,135860689720,벤처기업부
148150,세경하이테크,KOSDAQ,135773564760,우량기업부
115500,케이씨에스,KOSDAQ,135480000000,중견기업부
054920,한컴위드,KOSDAQ,135441988800,중견기업부
003100,선광,KOSDAQ,134970000000,우량기업부
228850,레이언스,KOSDAQ,134884943820,우량기업부
014280,금강공업,KOSPI,134621748630,
052860,아이앤씨,KOSDAQ,134537410620,벤처기업부
387690,레메디,KOSDAQ,134366437420,기술성장기업부
136540,윈스테크넷,KOSDAQ,133726433940,우량기업부
011690,와이투솔루션,KOSPI,133583493680,
081000,일진다이아,KOSPI,133507965000,
003580,HLB글로벌,KOSPI,133498335675,
095700,제넥신,KOSDAQ,133205944950,기술성장기업부
126640,화신정공,KOSDAQ,133037178450,우량기업부
018470,조일알미늄,KOSPI,132963306000,
172670,에이엘티,KOSDAQ,132701435790,벤처기업부
047770,코데즈컴바인,KOSDAQ,132259893990,중견기업부
035610,솔본,KOSDAQ,132081165510,투자주의환기종목(소속부없음)
419050,삼기에너지솔루션즈,KOSDAQ,131837333200,중견기업부
322510,제이엘케이,KOSDAQ,131716567040,기술성장기업부
457550,우진엔텍,KOSDAQ,131676876540,중견기업부
140670,알에스오토메이션,KOSDAQ,131608360000,중견기업부
004080,신흥,KOSPI,131560000000,
140610,엔솔바이오사이언스,KONEX,131544078300,일반기업부
038290,마크로젠,KOSDAQ,131506182000,중견기업부
214390,경보제약,KOSPI,131487730000,
114840,아이패밀리에스씨,KOSDAQ,131449313800,우량기업부
297090,씨에스베어링,KOSDAQ,131441400000,투자주의환기종목(소속부없음)
285490,노바텍,KOSDAQ,131351821020,벤처기업부
001540,안국약품,KOSDAQ,131337169400,우량기업부
240550,동방메디컬,KOSDAQ,131046464400,중견기업부
049720,고려신용정보,KOSDAQ,130559000000,우량기업부
024090,디씨엠,KOSPI,130530000000,
282880,코윈로보틱스,KOSDAQ,130272073480,우량기업부
451760,컨텍,KOSDAQ,130081259120,기술성장기업부
001360,삼성제약,KOSPI,129849506941,
300080,플리토,KOSDAQ,129606575840,기술성장기업부
094840,슈프리마에이치큐,KOSDAQ,129146455530,벤처기업부
402490,그린리소스,KOSDAQ,128877001370,기술성장기업부
009780,엠에스씨,KOSDAQ,128832000000,우량기업부
035080,그래디언트,KOSDAQ,128614224790,중견기업부
039840,디오,KOSDAQ,128389473960,중견기업부
259630,엠플러스,KOSDAQ,127968486120,우량기업부
290720,푸드나무,KOSDAQ,127609318185,중견기업부
217190,제너셈,KOSDAQ,127591481700,벤처기업부
080420,모다이노칩,KOSDAQ,127554595200,중견기업부
408920,메쎄이상,KOSDAQ,127319579975,우량기업부
417010,나노팀,KOSDAQ,127088186400,벤처기업부
072950,빛샘전자,KOSDAQ,126345450900,벤처기업부
950190,고스트스튜디오,KOSDAQ,126135301710,외국기업(소속부없음)
037350,성도이엔지,KOSDAQ,126090900000,우량기업부
036690,코맥스,KOSDAQ,125692107675,관리종목(소속부없음)
009070,KCTC,KOSPI,125550000000,
006060,화승인더,KOSPI,125299800000,
092220,KEC,KOSPI,125075436220,
053260,금강철강,KOSDAQ,124862400000,우량기업부
078000,텔코웨어,KOSPI,124833440270,
004960,한신공영,KOSPI,124500753520,
217950,파마리서치바이오,KONEX,124451390000,일반기업부
222040,코스맥스엔비티,KOSDAQ,124386840000,중견기업부
047310,파워로직스,KOSDAQ,124110459450,우량기업부
002210,동성제약,KOSPI,123866207974,
361390,제노코,KOSDAQ,123652038700,벤처기업부
166480,코아스템켐온,KOSDAQ,123452327960,벤처기업부
079960,동양이엔피,KOSDAQ,123394091720,우량기업부
321370,센서뷰,KOSDAQ,123094583493,기술성장기업부
086980,쇼박스,KOSDAQ,122940422000,중견기업부
009270,신원,KOSPI,122689550117,
027710,팜스토리,KOSDAQ,122558260000,우량기업부
089470,HDC현대EP,KOSPI,122336500000,
267290,경동도시가스,KOSPI,122034904200,
0015N0,아로마티카,KOSDAQ,121996143400,벤처기업부
473980,노머스,KOSDAQ,121886822400,기술성장기업부
013520,화승코퍼레이션,KOSPI,121624542360,
211270,AP위성,KOSDAQ,121563370240,우량기업부
418420,라온텍,KOSDAQ,121251758520,기술성장기업부
005800,신영와코루,KOSPI,121140000000,
108230,톱텍,KOSDAQ,121104035325,우량기업부
056090,시지메드텍,KOSDAQ,121019589020,벤처기업부
073010,케이에스피,KOSDAQ,120975662500,우량기업부
458650,성우,KOSDAQ,120967186800,벤처기업부
293580,나우IB,KOSDAQ,120561036500,중견기업부
002620,제일파마홀딩스,KOSPI,120439096700,
053080,케이엔솔,KOSDAQ,120118216680,중견기업부
039560,다산네트웍스,KOSDAQ,119658825720,중견기업부
210540,디와이파워,KOSPI,119250446400,
014530,극동유화,KOSPI,119079069300,
299030,하나기술,KOSDAQ,119044209900,벤처기업부
095190,신화프리텍,KOSDAQ,118774040840,중견기업부
037560,LG헬로비전,KOSPI,118726044045,
001520,동양,KOSPI,118691211456,
336680,탑런토탈솔루션,KOSDAQ,118611040740,중견기업부
214420,토니모리,KOSPI,118469885075,
101170,우림피티에스,KOSDAQ,118395000000,벤처기업부
002390,한독,KOSPI,118366383800,
021320,KCC건설,KOSDAQ,118342000000,우량기업부
350520,이지스레지던스리츠,KOSPI,118340508420,
308080,바이젠셀,KOSDAQ,118280730200,기술성장기업부
015590,DKME,KOSPI,118272822220,
338840,와이바이오로직스,KOSDAQ,118147629210,기술성장기업부
443670,에스피소프트,KOSDAQ,117891869240,중견기업부
297890,HB솔루션,KOSDAQ,117244885142,우량기업부
474610,RF시스템즈,KOSDAQ,117051586400,벤처기업부
067990,도이치모터스,KOSDAQ,116580292250,우량기업부
004100,태양금속,KOSPI,116339000000,
008830,대동기어,KOSDAQ,116242410960,중견기업부
041590,플래스크,KOSDAQ,116064014460,관리종목(소속부없음)
238540,나노솔루션,KONEX,116011032000,일반기업부
255440,야스,KOSDAQ,115693880000,벤처기업부
290740,액트로,KOSDAQ,115244375950,벤처기업부
227840,현대코퍼레이션홀딩스,KOSPI,115216583760,
115440,우리넷,KOSDAQ,115175095640,우량기업부
129920,대성하이텍,KOSDAQ,114878280720,벤처기업부
331920,셀레믹스,KOSDAQ,114834569850,기술성장기업부
016740,두올,KOSPI,114696096000,
474170,루미르,KOSDAQ,114567785280,기술성장기업부
083420,그린케미칼,KOSPI,114360000000,
396470,워트,KOSDAQ,114290800000,중견기업부
034590,인천도시가스,KOSPI,114181079400,
017510,세명전기,KOSDAQ,113735160000,벤처기업부
138360,앤로보틱스,KOSDAQ,113574348794,벤처기업부
333430,일승,KOSDAQ,113535330165,중견기업부
311320,지오엘리먼트,KOSDAQ,113531040000,기술성장기업부
217820,원익피앤이,KOSDAQ,113416396010,중견기업부
049520,유아이엘,KOSDAQ,113346646875,우량기업부
131030,옵투스제약,KOSDAQ,113291107800,우량기업부
054050,NH농우바이오,KOSDAQ,112855149440,우량기업부
411080,샌즈랩,KOSDAQ,112522492060,기술성장기업부
063570,NICE인프라,KOSDAQ,112346025120,우량기업부
079430,현대리바트,KOSPI,112237247160,
105740,디케이락,KOSDAQ,111955328130,우량기업부
041440,현대에버다임,KOSDAQ,111510700000,우량기업부
217270,넵튠,KOSDAQ,111396631080,중견기업부
016710,대성홀딩스,KOSPI,111017267100,
017550,수산세보틱스,KOSPI,110696056620,
134580,엔키AX,KOSDAQ,110665364505,중견기업부
493330,지에프아이,KOSDAQ,110302118360,벤처기업부
122450,KX,KOSDAQ,110256791640,중견기업부
338220,뷰노,KOSDAQ,110194347010,기술성장기업부
012320,경동인베스트,KOSPI,110091820650,
125210,아모그린텍,KOSDAQ,110033589300,우량기업부
278650,HLB바이오스텝,KOSDAQ,109998418760,중견기업부
018120,진로발효,KOSDAQ,109976803200,우량기업부
002460,HS화성,KOSPI,109924500000,
023450,동남합성,KOSPI,109900000000,
008040,사조동아원,KOSPI,109810498800,
011810,STX,KOSPI,109493282310,
310200,애니플러스,KOSDAQ,109281141420,중견기업부
036630,세종텔레콤,KOSDAQ,109200000000,우량기업부
051360,토비스,KOSDAQ,109051129800,우량기업부
209640,와이제이링크,KOSDAQ,108795033450,중견기업부
334970,프레스티지바이오로직스,KOSDAQ,108775939163,기술성장기업부
009580,무림P&P,KOSPI,108583252084,
038540,상상인,KOSDAQ,108388165167,중견기업부
090850,현대이지웰,KOSDAQ,108343492460,우량기업부
389020,자람테크놀로지,KOSDAQ,108340736580,기술성장기업부
123040,엠에스오토텍,KOSDAQ,108096444074,중견기업부
013570,디와이,KOSPI,108042093465,
317770,엑스페릭스,KOSDAQ,108031245840,벤처기업부
053350,이니텍,KOSDAQ,107793113175,중견기업부
040300,YTN,KOSDAQ,107749974800,중견기업부
014580,태경비케이,KOSPI,107712005500,
051980,중앙첨단소재,KOSDAQ,107203490500,중견기업부
012200,계양전기,KOSPI,106799829435,
036010,아비코전자,KOSDAQ,106609330680,중견기업부
011280,태림포장,KOSPI,106492133760,
001210,금호전기,KOSPI,106442229570,
242040,나무AX,KOSDAQ,106414261800,기술성장기업부
067900,와이엔텍,KOSDAQ,106104011970,우량기업부
339950,아이비김영,KOSDAQ,106074105800,우량기업부
261780,아리바이오랩,KOSDAQ,105978872160,기술성장기업부
130580,나이스디앤비,KOSDAQ,105952000000,우량기업부
120240,대정화금,KOSDAQ,105914459430,우량기업부
039340,한국경제TV,KOSDAQ,105820000000,우량기업부
004250,NPC,KOSPI,105570000000,
021820,세원정공,KOSPI,105300000000,
106190,하이텍팜,KOSDAQ,105268412700,우량기업부
053700,삼보모터스,KOSDAQ,105126503795,우량기업부
201490,미투온,KOSDAQ,105043160460,중견기업부
078935,GS우,KOSPI,105000884000,
289930,웨이비스,KOSDAQ,104666119600,기술성장기업부
084670,동양고속,KOSPI,104530040900,
073560,우리손에프앤지,KOSDAQ,104271890358,우량기업부
006660,삼성공조,KOSPI,104016819200,
010100,한국무브넥스,KOSPI,103683680100,
012800,대창,KOSPI,103535606864,
035000,HS애드,KOSPI,103080615840,
306620,지아이에스,KOSDAQ,103075695600,벤처기업부
120030,조선선재,KOSPI,102875851800,
079650,서산,KOSDAQ,102800000000,중견기업부
048910,대원미디어,KOSDAQ,102769988820,우량기업부
123690,한국화장품,KOSPI,102513840000,
267850,아시아나IDT,KOSPI,102453000000,
175250,아이큐어,KOSDAQ,102235340952,관리종목(소속부없음)
246710,티앤알바이오팹,KOSDAQ,102002038560,기술성장기업부
091120,이엠텍,KOSDAQ,101940969200,중견기업부
173130,오파스넷,KOSDAQ,101892954130,중견기업부
453450,그리드위즈,KOSDAQ,101826055000,중견기업부
235980,메드팩토,KOSDAQ,101797109370,기술성장기업부
475230,엔알비,KOSDAQ,101793699220,벤처기업부
153890,져스텍,KOSDAQ,101704574200,기술성장기업부
100700,세운메디칼,KOSDAQ,101616000000,우량기업부
033560,블루콤,KOSDAQ,101574000000,중견기업부
100590,머큐리,KOSDAQ,101466106400,중견기업부
366030,나인앤컴퍼니,KOSDAQ,101375978750,중견기업부
059210,메타바이오메드,KOSDAQ,101213632625,우량기업부
027970,한국제지,KOSPI,101160183040,
109740,디에스케이,KOSDAQ,101041832700,벤처기업부
439580,블루엠텍,KOSDAQ,101031942795,기술성장기업부
086960,MDS테크,KOSDAQ,100792947900,우량기업부
045970,코아시아,KOSDAQ,100785975080,중견기업부
119650,KC코트렐,KOSPI,100782913662,
323990,박셀바이오,KOSDAQ,100588017125,기술성장기업부
0017J0,세미티에스,KOSDAQ,100402966530,벤처기업부
003010,혜인,KOSPI,100303573830,
006620,동구바이오제약,KOSDAQ,100196771840,우량기업부
307930,컴퍼니케이,KOSDAQ,99591800000,중견기업부
246720,아스타,KOSDAQ,99434491000,관리종목(소속부없음)
248170,샘표식품,KOSPI,99323463000,
091440,한울소재과학,KOSDAQ,99217011420,투자주의환기종목(소속부없음)
0011A0,액스비스,KOSDAQ,98750969200,벤처기업부
309960,LB인베스트먼트,KOSDAQ,98673265750,중견기업부
025620,차AI헬스케어,KOSPI,98483493930,
250060,모비스,KOSDAQ,98444220840,기술성장기업부
352090,스톰테크,KOSDAQ,98355172680,우량기업부
088130,동아엘텍,KOSDAQ,98092611540,우량기업부
049950,미래컴퍼니,KOSDAQ,98054870080,중견기업부
136150,원일티엔아이,KOSDAQ,97974240700,벤처기업부
097800,윈팩,KOSDAQ,97971261550,중견기업부
357580,아모센스,KOSDAQ,97737126980,기술성장기업부
412350,레이저쎌,KOSDAQ,97694357670,기술성장기업부
099750,이지케어텍,KOSDAQ,97663086950,벤처기업부
109670,씨싸이트,KOSDAQ,97646351460,중견기업부
037030,파워넷,KOSDAQ,97459629440,우량기업부
348350,위드텍,KOSDAQ,97442792000,벤처기업부
066790,씨씨에스,KOSDAQ,97355245995,관리종목(소속부없음)
021080,에이티넘인베스트,KOSDAQ,96960000000,우량기업부
002450,삼익악기,KOSPI,96958609965,
475580,에이럭스,KOSDAQ,96873039000,벤처기업부
063170,서울옥션,KOSDAQ,96869755150,중견기업부
067830,세이브존I&C,KOSPI,96856512200,
042500,링네트,KOSDAQ,96855020680,우량기업부
123010,MSDI,KOSDAQ,96631366260,기술성장기업부
322180,LS티라유텍,KOSDAQ,96624996470,벤처기업부
068240,다원시스,KOSDAQ,96553495610,관리종목(소속부없음)
417310,코람코더원리츠,KOSPI,96354000000,
182360,큐브엔터,KOSDAQ,96220987340,우량기업부
052900,KX하이텍,KOSDAQ,96141784860,우량기업부
357880,SKAI,KOSDAQ,95595117296,기술성장기업부
264900,크라운제과,KOSPI,95431737000,
298540,더네이쳐홀딩스,KOSDAQ,95175556020,우량기업부
008700,아남전자,KOSPI,95172027880,
017650,대림제지,KOSDAQ,94878000000,우량기업부
187790,나노,KOSDAQ,94527143950,벤처기업부
002230,피에스텍,KOSDAQ,94315878400,우량기업부
032300,한국파마,KOSDAQ,94233896640,중견기업부
002780,진흥기업,KOSPI,93974744040,
007210,벽산,KOSPI,93726240000,
007540,샘표,KOSPI,93517715200,
014440,영보화학,KOSPI,93500000000,
085670,뉴프렉스,KOSDAQ,93470403215,우량기업부
036220,오상헬스케어,KOSDAQ,93440486480,우량기업부
096775,SK이노베이션우,KOSPI,93382264800,
223250,드림씨아이에스,KOSDAQ,93358684980,벤처기업부
002720,국제약품,KOSPI,93314859120,
074430,아미노로직스,KOSDAQ,93273039648,중견기업부
205100,엑셈,KOSDAQ,93204336120,벤처기업부
330350,위더스제약,KOSDAQ,93189740800,우량기업부
101330,모베이스,KOSDAQ,93166791725,중견기업부
189330,씨이랩,KOSDAQ,93166080120,기술성장기업부
100130,동국S&C,KOSDAQ,93085947000,중견기업부
032560,황금에스티,KOSPI,92650000000,
014790,HL D&I,KOSPI,92564279445,
142280,녹십자엠에스,KOSDAQ,92137854195,중견기업부
002200,한국수출포장,KOSPI,92124837750,
282720,금양그린파워,KOSDAQ,92108200000,중견기업부
053580,웹케시,KOSDAQ,92106039960,우량기업부
432470,케이엔에스,KOSDAQ,92101338000,벤처기업부
052420,오성첨단소재,KOSDAQ,91574884600,우량기업부
363280,티와이홀딩스,KOSPI,91449639330,
37550L,DL이앤씨2우(전환),KOSPI,91447478300,
192410,오늘이엔엠,KOSDAQ,91172990580,중견기업부
008260,NI스틸,KOSPI,90948372060,
040420,정상제이엘에스,KOSDAQ,90929801600,우량기업부
307870,비투엔,KOSDAQ,90645127700,벤처기업부
058850,KTcs,KOSPI,90468723250,
058860,KTis,KOSPI,90311190000,
001275,부국증권우,KOSPI,90300000000,
005860,한일사료,KOSDAQ,90234438650,우량기업부
109610,에스와이,KOSDAQ,90234153000,중견기업부
013700,까뮤이앤씨,KOSPI,89924999150,
044990,에이치엔에스하이텍,KOSDAQ,89919472500,기술성장기업부
023900,풍국주정,KOSDAQ,89838000000,우량기업부
246960,SCL사이언스,KOSDAQ,89805004080,기술성장기업부
047560,이스트소프트,KOSDAQ,89676015660,중견기업부
036580,팜스코,KOSPI,89432541205,
380550,뉴로핏,KOSDAQ,89295699120,기술성장기업부
009300,삼아제약,KOSDAQ,89116300000,우량기업부
001290,상상인증권,KOSPI,89053112640,
062970,한국첨단소재,KOSDAQ,88710535735,중견기업부
093920,서원인텍,KOSDAQ,88629000000,우량기업부
019180,티에이치엔,KOSPI,88560000000,
139990,아주스틸,KOSPI,88556120990,
900260,로스웰,KOSDAQ,88423065226,외국기업(소속부없음)
013310,아진산업,KOSDAQ,88284974050,우량기업부
033290,로젠,KOSDAQ,88053079968,우량기업부
054540,삼영엠텍,KOSDAQ,88010000000,우량기업부
006840,AK홀딩스,KOSPI,87831329430,
251120,바이오에프디엔씨,KOSDAQ,87826570000,기술성장기업부
070960,모나용평,KOSPI,87747066059,
323350,다원넥스뷰,KOSDAQ,87717953400,기술성장기업부
048530,인트론바이오,KOSDAQ,87578133930,기술성장기업부
226400,오스테오닉,KOSDAQ,87501880235,기술성장기업부
023000,삼원강재,KOSPI,87427903200,
362320,청담글로벌,KOSDAQ,87427574325,중견기업부
065450,빅텍,KOSDAQ,87160097865,벤처기업부
004650,창해에탄올,KOSDAQ,86945772100,우량기업부
187420,HLB제넥스,KOSDAQ,86672334285,기술성장기업부
478560,블랙야크아이앤씨,KOSDAQ,86531498300,벤처기업부
089230,THE E&M,KOSDAQ,86529872030,중견기업부
004140,동방,KOSPI,86349178800,
457370,한켐,KOSDAQ,86318333800,중견기업부
096240,크레버스,KOSDAQ,86307857400,우량기업부
394420,리센스메디컬,KOSDAQ,86127658830,기술성장기업부
086710,선진뷰티사이언스,KOSDAQ,85911091200,우량기업부
052460,아이크래프트,KOSDAQ,85748584320,벤처기업부
357230,에이치피오,KOSDAQ,85683962700,우량기업부
066590,스모트로닉,KOSDAQ,85671630455,중견기업부
291650,츌립앤사이언스,KOSDAQ,85607536905,기술성장기업부
234030,싸이닉솔루션,KOSDAQ,85450100000,중견기업부
037760,쎄니트,KOSDAQ,85428125525,중견기업부
117670,알파칩스,KOSDAQ,85403532440,벤처기업부
303810,동국생명과학,KOSDAQ,85397653800,중견기업부
330730,스톤브릿지벤처스,KOSDAQ,85350533550,벤처기업부
234300,에스트래픽,KOSDAQ,85024312500,우량기업부
072020,중앙백신,KOSDAQ,84792113960,벤처기업부
078140,대봉엘에스,KOSDAQ,84590597770,우량기업부
048550,SM C&C,KOSDAQ,84335148640,중견기업부
198440,강동씨앤엘,KOSDAQ,84268812168,중견기업부
004890,동일산업,KOSPI,84154960500,
049180,셀루메드,KOSDAQ,83975227728,투자주의환기종목(소속부없음)
066700,테라젠이텍스,KOSDAQ,83964369760,중견기업부
094860,네오리진,KOSDAQ,83913822120,중견기업부
183490,엔지켐생명과학,KOSDAQ,83793832650,관리종목(소속부없음)
002600,조흥,KOSPI,83400000000,
058820,CMG제약,KOSDAQ,83245438472,관리종목(소속부없음)
038110,에코플라스틱,KOSDAQ,83162127400,우량기업부
263720,디앤씨미디어,KOSDAQ,83147359190,우량기업부
388870,파로스아이바이오,KOSDAQ,83112883440,기술성장기업부
360070,탑머티리얼,KOSDAQ,83067316020,중견기업부
215100,로보로보,KOSDAQ,83021692320,벤처기업부
006090,사조오양,KOSPI,83014304160,
036640,HRS,KOSDAQ,82918836000,우량기업부
078890,가온그룹,KOSDAQ,82912243500,중견기업부
006140,피제이전자,KOSDAQ,82798050000,우량기업부
025950,동신건설,KOSDAQ,82656000000,우량기업부
250030,진코스텍,KONEX,82275493850,일반기업부
162300,신스틸,KOSDAQ,82237750506,우량기업부
007980,TP,KOSPI,82164157200,
140070,서플러스글로벌,KOSDAQ,82002396000,벤처기업부
147760,피엠티,KOSDAQ,82000000000,벤처기업부
067000,조이시티,KOSDAQ,81926838712,중견기업부
382840,원준,KOSDAQ,81855674160,중견기업부
066980,한성크린텍,KOSDAQ,81785999763,벤처기업부
104040,디에스엠,KOSDAQ,81647305425,벤처기업부
107600,새빗켐,KOSDAQ,81586779760,벤처기업부
294630,서남,KOSDAQ,81352479530,기술성장기업부
055490,테이팩스,KOSPI,81277317000,
185490,아이진,KOSDAQ,81271993920,벤처기업부
000590,CS홀딩스,KOSPI,81160084600,
412540,제일엠앤에스,KOSDAQ,81063616775,관리종목(소속부없음)
011700,한신기계,KOSPI,80790915990,
029480,광무,KOSDAQ,80620828200,중견기업부
000850,화천기공,KOSPI,80520000000,
046210,HLB파나진,KOSDAQ,80356849400,벤처기업부
137950,제이씨케미칼,KOSDAQ,80164130400,우량기업부
33626K,두산퓨얼셀1우,KOSPI,80051558000,
054670,대한뉴팜,KOSDAQ,79956904400,우량기업부
063080,컴투스홀딩스,KOSDAQ,79933727040,중견기업부
032540,TJ미디어,KOSDAQ,79932604725,우량기업부
002220,한일철강,KOSPI,79825405400,
004590,한국가구,KOSDAQ,79650000000,중견기업부
131370,알서포트,KOSDAQ,79581022002,벤처기업부
079810,APS이노베이션,KOSDAQ,79546307330,우량기업부
0015S0,페스카로,KOSDAQ,79427176500,기술성장기업부
023800,인지컨트롤스,KOSPI,79362168940,
418470,KT밀리의서재,KOSDAQ,79319206140,우량기업부
001260,남광토건,KOSPI,79250530320,
331380,포커스에이아이,KOSDAQ,79094885780,투자주의환기종목(소속부없음)
009180,한솔로지스틱스,KOSPI,78977089125,
950130,엑세스바이오,KOSDAQ,78965257330,외국기업(소속부없음)
475430,키스트론,KOSDAQ,78442443450,중견기업부
104540,코렌텍,KOSDAQ,78433348500,기술성장기업부
0117P0,피스피스스튜디오,KOSDAQ,78354077830,중견기업부
263600,덕우전자,KOSDAQ,78297473650,중견기업부
365330,에스와이스틸텍,KOSDAQ,78166418000,우량기업부
012790,신일제약,KOSDAQ,78151425800,우량기업부
014950,삼익제약,KOSDAQ,78124482880,벤처기업부
041910,폴라리스AI파마,KOSDAQ,78106098000,우량기업부
111380,동인기연,KOSPI,78070720000,
066430,아이로보틱스,KOSDAQ,77954570716,중견기업부
225530,HC보광산업,KOSDAQ,77946569415,우량기업부
066310,큐에스아이,KOSDAQ,77788900190,벤처기업부
007820,엠엑스로보틱스,KOSDAQ,77783602365,중견기업부
047820,초록뱀미디어,KOSDAQ,77763497400,중견기업부
277880,티에스아이,KOSDAQ,77586958920,우량기업부
389030,지니너스,KOSDAQ,77523989328,기술성장기업부
038680,에스넷,KOSDAQ,77360614170,우량기업부
084730,팅크웨어,KOSDAQ,77210496800,중견기업부
058400,KNN,KOSDAQ,77206526760,우량기업부
005740,크라운해태홀딩스,KOSPI,77206204400,
302550,리메드,KOSDAQ,77201283150,기술성장기업부
069730,DSR제강,KOSPI,77184000000,
302430,이노메트리,KOSDAQ,76955182800,벤처기업부
065510,휴비츠,KOSDAQ,76689159750,우량기업부
389140,포바이포,KOSDAQ,76628476950,벤처기업부
381620,제닉스로보틱스,KOSDAQ,76608652800,중견기업부
011320,유니크,KOSDAQ,76509952200,우량기업부
149980,하이로닉,KOSDAQ,76449759470,중견기업부
000440,중앙에너비스,KOSDAQ,76344613800,중견기업부
253840,수젠텍,KOSDAQ,76265276000,중견기업부
303360,프로티아,KOSDAQ,76247912800,기술성장기업부
088390,이녹스,KOSDAQ,76119194840,중견기업부
073640,테라사이언스,KOSDAQ,76111715580,관리종목(소속부없음)
170030,현대공업,KOSDAQ,76086400000,우량기업부
124560,태웅로직스,KOSDAQ,76086393615,우량기업부
451250,삐아,KOSDAQ,75978266110,벤처기업부
024880,케이피에프,KOSDAQ,75977587440,우량기업부
040910,아이씨디,KOSDAQ,75968469500,중견기업부
049080,기가레인,KOSDAQ,75885705960,벤처기업부
063160,종근당바이오,KOSPI,75870854460,
004840,DRB동일,KOSPI,75836752340,
168330,내츄럴엔도텍,KOSDAQ,75735436500,투자주의환기종목(소속부없음)
208140,정다운,KOSDAQ,75664029490,우량기업부
163560,동일고무벨트,KOSPI,75616000000,
396270,넥스트칩,KOSDAQ,75476654145,벤처기업부
007590,동방아그로,KOSPI,75441376580,
413390,엠오티,KOSDAQ,75274418400,중견기업부
012700,리드코프,KOSDAQ,75125122280,우량기업부
030960,양지사,KOSDAQ,75106000000,중견기업부
011370,서한,KOSDAQ,74863989830,우량기업부
041930,SY동아,KOSDAQ,74860000000,우량기업부
0007J0,인벤테라,KOSDAQ,74802940140,기술성장기업부
155650,와이엠씨,KOSDAQ,74569226940,우량기업부
102370,케이옥션,KOSDAQ,74299392300,기술성장기업부
010960,삼호개발,KOSPI,74169000000,
089790,제이티,KOSDAQ,74065383340,벤처기업부
137080,나래나노텍,KOSDAQ,73898648100,중견기업부
058630,엠게임,KOSDAQ,73588490080,우량기업부
229500,노브메타파마,KONEX,73526156420,일반기업부
000105,유한양행우,KOSPI,73378926000,
263800,데이타솔루션,KOSDAQ,73338717600,중견기업부
060570,드림어스컴퍼니,KOSDAQ,73286452730,중견기업부
347890,엠엑스온,KOSDAQ,73156777200,벤처기업부
451220,아이엠티,KOSDAQ,73155136190,기술성장기업부
109070,주성코퍼레이션,KOSPI,73089358320,
417790,트루엔,KOSDAQ,72964685270,벤처기업부
060590,씨티씨바이오,KOSDAQ,72905775300,중견기업부
299660,셀리드,KOSDAQ,72724838305,기술성장기업부
010280,아이티센엔텍,KOSDAQ,72678144060,우량기업부
054620,APS,KOSDAQ,72657172950,중견기업부
007610,선도전기,KOSPI,72630000000,
171120,라이온켐텍,KOSDAQ,72521555200,우량기업부
019550,SBI인베스트먼트,KOSDAQ,72345550652,중견기업부
371950,풍원정밀,KOSDAQ,72344580700,기술성장기업부
038460,바이오스마트,KOSDAQ,72285190120,우량기업부
013870,지엠비코리아,KOSPI,72283941200,
020710,시공테크,KOSDAQ,72072452150,우량기업부
080010,이상네트웍스,KOSDAQ,71894369010,중견기업부
234920,자이글,KOSDAQ,71849132100,관리종목(소속부없음)
083790,CG인바이츠,KOSDAQ,71819165988,벤처기업부
017480,삼현철강,KOSDAQ,71732224050,우량기업부
212710,아이에스티이,KOSDAQ,71696537640,기술성장기업부
045660,에이텍,KOSDAQ,71614200000,우량기업부
013360,일성건설,KOSPI,71582966000,
040160,누리플렉스,KOSDAQ,71537773020,중견기업부
214330,금호에이치티,KOSPI,71420825070,
024900,디와이덕양,KOSPI,71154481300,
480370,씨케이솔루션,KOSPI,71134283520,
294140,레몬,KOSDAQ,71131805390,관리종목(소속부없음)
090470,제이스로보틱스,KOSDAQ,71129737580,벤처기업부
002700,신일전자,KOSPI,71015231756,
014160,대영포장,KOSPI,70998429595,
039980,폴라리스AI,KOSDAQ,70971291090,중견기업부
377480,마음AI,KOSDAQ,70960544500,기술성장기업부
002795,아모레퍼시픽홀딩스우,KOSPI,70894820920,
128660,피제이메탈,KOSDAQ,70813618495,우량기업부
005750,대림바스,KOSPI,70765903600,
053280,예스24,KOSDAQ,70750000000,중견기업부
000230,일동홀딩스,KOSPI,70742652000,
031820,아이티센씨티에스,KOSPI,70694052640,
120115,코오롱인더우,KOSPI,70580430000,
347000,센코,KOSDAQ,70176930176,기술성장기업부
104460,디와이피엔에프,KOSDAQ,70155733670,우량기업부
024740,한일단조,KOSDAQ,70070714370,우량기업부
417970,모델솔루션,KOSDAQ,69979898000,우량기업부
067170,오텍,KOSDAQ,69766400980,중견기업부
228670,레이,KOSDAQ,69754493660,벤처기업부
054040,한국컴퓨터,KOSDAQ,69749398600,우량기업부
332370,아이디피,KOSDAQ,69554324240,벤처기업부
067570,엔브이에이치코리아,KOSDAQ,69496160000,중견기업부
110790,크리스에프앤씨,KOSDAQ,69472796400,우량기업부
205470,휴마시스,KOSDAQ,69460127815,중견기업부
338100,NH프라임리츠,KOSPI,69415200000,
900110,딥커머스,KOSDAQ,69249860280,외국기업(소속부없음)
320000,한울반도체,KOSDAQ,69205836700,중견기업부
065530,와이어블,KOSDAQ,69127006755,우량기업부
092040,아미코젠,KOSDAQ,69100968486,기술성장기업부
009770,삼정펄프,KOSPI,68874201050,
109860,동일금속,KOSDAQ,68705000000,우량기업부
001560,제일연마,KOSPI,68704000000,
004440,삼일씨엔에스,KOSPI,68625194330,
049550,잉크테크,KOSDAQ,68621969500,우량기업부
217330,싸이토젠,KOSDAQ,68579106855,기술성장기업부
071090,하이스틸,KOSPI,68550044045,
347860,알체라,KOSDAQ,68541830022,중견기업부
096350,대창솔루션,KOSDAQ,68513002558,벤처기업부
179530,애드바이오텍,KOSDAQ,68472624000,기술성장기업부
010040,한국내화,KOSPI,68417725292,
039010,현대에이치티,KOSDAQ,68396250000,우량기업부
095720,웅진씽크빅,KOSPI,68362983255,
001020,페이퍼코리아,KOSPI,68274397716,
002800,신신제약,KOSDAQ,68115545000,우량기업부
487580,폴레드,KOSDAQ,67993724700,벤처기업부
076610,해성옵틱스,KOSDAQ,67980058596,벤처기업부
019540,일지테크,KOSDAQ,67972905000,우량기업부
460940,피앤에스로보틱스,KOSDAQ,67680058400,기술성장기업부
011150,CJ씨푸드,KOSPI,67442060921,
208370,셀바스헬스케어,KOSDAQ,67440277680,벤처기업부
337930,젝시믹스,KOSDAQ,67393515280,우량기업부
039610,화성밸브,KOSDAQ,67251184000,우량기업부
026150,특수건설,KOSDAQ,67202447730,중견기업부
007280,한국특강,KOSPI,67176136300,
024830,세원물산,KOSDAQ,67134000000,중견기업부
004780,대륙제관,KOSDAQ,67031983785,우량기업부
155660,DSR,KOSPI,66960000000,
0004V0,엔비알모션,KOSDAQ,66943134720,기술성장기업부
048430,유라테크,KOSDAQ,66816000000,우량기업부
065170,비엘팜텍,KOSDAQ,66713965270,투자주의환기종목(소속부없음)
000180,성창기업지주,KOSPI,66612778000,
079980,휴비스,KOSPI,66585000000,
067370,선바이오,KOSDAQ,66565433450,기술성장기업부
010660,화천기계,KOSPI,66550000000,
241790,티이엠씨씨엔에스,KOSDAQ,66217437080,우량기업부
067920,이글루,KOSDAQ,66196636380,우량기업부
122350,삼기,KOSDAQ,66173852728,중견기업부
265560,영화테크,KOSDAQ,66065312400,우량기업부
123420,위메이드플레이,KOSDAQ,66046610350,우량기업부
007815,코리아써우,KOSPI,65964352500,
153710,옵티팜,KOSDAQ,65941461210,기술성장기업부
017370,우신시스템,KOSPI,65930594400,
214260,라파스,KOSDAQ,65847776940,기술성장기업부
456570,아이엠지티,KONEX,65810050000,일반기업부
032850,비트컴퓨터,KOSDAQ,65662007350,벤처기업부
111710,남화산업,KOSDAQ,65572780000,중견기업부
331740,아우토크립트,KOSDAQ,65331639700,기술성장기업부
096250,와이즈넛,KOSDAQ,65099994310,기술성장기업부
095270,웨이브일렉트로,KOSDAQ,65035137150,벤처기업부
019680,대교,KOSPI,65017901600,
282620,기도산업,KOSDAQ,64995240630,중견기업부
262260,에이프로,KOSDAQ,64984714600,우량기업부
321820,아티스트컴퍼니,KOSDAQ,64938081040,기술성장기업부
040350,크레오에스지,KOSDAQ,64830479940,벤처기업부
004720,팜젠사이언스,KOSPI,64791483900,
0218L0,네오뷰,KOSDAQ,64580382000,중견기업부
085310,엔케이,KOSPI,64537243800,
061040,알에프텍,KOSDAQ,64513829990,중견기업부
456070,이엔셀,KOSDAQ,64412379280,기술성장기업부
036000,예림당,KOSDAQ,64380804215,중견기업부
424960,스마트레이더시스템,KOSDAQ,64291929000,기술성장기업부
100220,비상교육,KOSPI,64268884245,
091590,남화토건,KOSDAQ,64217800000,중견기업부
060310,3S,KOSDAQ,64201438400,벤처기업부
382480,지아이텍,KOSDAQ,64152138200,벤처기업부
291230,컴투스엔,KOSDAQ,64109986770,중견기업부
204840,지엘팜텍,KOSDAQ,63977929125,기술성장기업부
950220,네오이뮨텍,KOSDAQ,63976140800,기술성장기업부
014970,삼륭물산,KOSDAQ,63895750000,중견기업부
082210,옵트론텍,KOSDAQ,63878003910,중견기업부
273640,와이엠텍,KOSDAQ,63712460000,벤처기업부
222110,팬젠,KOSDAQ,63585764845,기술성장기업부
0156T0,에이치엘지노믹스,KOSDAQ,63580255370,중견기업부
033130,디지틀조선,KOSDAQ,63504221837,중견기업부
241690,유니테크노,KOSDAQ,63379128540,우량기업부
360350,코셈,KOSDAQ,63243591100,기술성장기업부
009200,무림페이퍼,KOSPI,63121323270,
016090,대현,KOSPI,62969444820,
058730,다스코,KOSPI,62778878100,
214680,디알텍,KOSDAQ,62678276005,벤처기업부
004770,써니전자,KOSPI,62670628070,
126880,제이엔케이글로벌,KOSDAQ,62669772715,우량기업부
068290,삼성출판사,KOSPI,62600000000,
043650,국순당,KOSDAQ,62593355520,중견기업부
001840,이화공영,KOSDAQ,62588831935,관리종목(소속부없음)
008370,원풍,KOSDAQ,62520000000,우량기업부
048770,TPC로보틱스,KOSDAQ,62478004180,벤처기업부
127710,아시아경제,KOSDAQ,62461779780,중견기업부
251630,브이원텍,KOSDAQ,62416398690,벤처기업부
192250,케이사인,KOSDAQ,62402713750,벤처기업부
294090,이오플로우,KOSDAQ,62295566450,관리종목(소속부없음)
0155E0,해치텍,KOSDAQ,62279152500,기술성장기업부
318160,셀바이오휴먼텍,KOSDAQ,62181348860,벤처기업부
049480,오픈베이스,KOSDAQ,61839249744,우량기업부
081150,티플랙스,KOSDAQ,61763083090,중견기업부
228340,동양파일,KOSDAQ,61700000000,중견기업부
066670,디티씨,KOSDAQ,61683329400,중견기업부
225190,LK삼양,KOSDAQ,61659885000,중견기업부
089850,유비벨록스,KOSDAQ,61645882815,우량기업부
100030,인지소프트,KOSDAQ,61635311780,중견기업부
043610,KT지니뮤직,KOSDAQ,61311787090,중견기업부
041460,한국전자인증,KOSDAQ,61280112425,중견기업부
460870,에스엠씨지,KOSDAQ,61223577200,벤처기업부
005670,푸드웰,KOSDAQ,61200000000,우량기업부
010470,오리콤,KOSDAQ,61192505500,우량기업부
216050,인크로스,KOSDAQ,61115096220,중견기업부
018500,동원모빌리티,KOSPI,61061942498,
315640,딥노이드,KOSDAQ,60947381400,기술성장기업부
299170,더블유에스아이,KOSDAQ,60938570784,중견기업부
203400,에이비온,KOSDAQ,60908478800,관리종목(소속부없음)
056360,코위버,KOSDAQ,60838128000,벤처기업부
214270,FSN,KOSDAQ,60772947148,중견기업부
084680,이월드,KOSPI,60693049320,
004450,삼화왕관,KOSPI,60645768850,
000220,유유제약,KOSPI,60627728700,
010240,흥국,KOSDAQ,60402960000,우량기업부
355690,에이텀,KOSDAQ,60293450700,기술성장기업부
221800,지구홀딩스,KOSDAQ,60134965935,투자주의환기종목(소속부없음)
261520,이지스,KOSDAQ,60022352000,기술성장기업부
005870,휴니드,KOSPI,59922483675,
049470,비트플래닛,KOSDAQ,59921767955,중견기업부
215360,우리산업,KOSDAQ,59815667650,우량기업부
263690,디알젬,KOSDAQ,59799220800,우량기업부
064240,홈캐스트,KOSDAQ,59639417469,벤처기업부
002760,보락,KOSPI,59600500000,
039420,케이엘넷,KOSDAQ,59547449430,중견기업부
424980,마이크로투나노,KOSDAQ,59366466700,기술성장기업부
35320K,대덕전자1우,KOSPI,59303187700,
016250,SGC E&C,KOSDAQ,59285325220,중견기업부
003310,대주산업,KOSDAQ,59246793900,우량기업부
352910,오비고,KOSDAQ,59208102370,기술성장기업부
050960,수산아이앤티,KOSDAQ,59138760000,벤처기업부
033320,제이씨현시스템,KOSDAQ,59063594880,벤처기업부
072130,유엔젤,KOSPI,59033861100,
448710,코츠테크놀로지,KOSDAQ,58825299960,벤처기업부
036090,위지트,KOSDAQ,58762259834,중견기업부
487400,케이앤에스아이앤씨,KOSDAQ,58692245040,기술성장기업부
175140,아고스,KOSDAQ,58618994550,투자주의환기종목(소속부없음)
025550,한국선재,KOSDAQ,58554639180,중견기업부
372910,한컴라이프케어,KOSPI,58392996660,
463020,뉴엔AI,KOSDAQ,58326928000,기술성장기업부
039020,이건홀딩스,KOSDAQ,58268549220,중견기업부
483350,딜리셔스,KOSDAQ,58165050600,기술성장기업부
099520,DGI,KOSDAQ,58141862016,관리종목(소속부없음)
014990,인디에프,KOSPI,57987232140,
033170,시그네틱스,KOSDAQ,57952340940,중견기업부
053050,지에스이,KOSDAQ,57936037404,우량기업부
053620,태양,KOSDAQ,57878000000,우량기업부
443250,레뷰코퍼레이션,KOSDAQ,57832520950,벤처기업부
900300,오가닉티코스메틱,KOSDAQ,57830072570,외국기업(소속부없음)
226340,본느,KOSDAQ,57810434760,중견기업부
111110,호전실업,KOSPI,57750420000,
001465,BYC우,KOSPI,57723180000,
045340,토탈소프트,KOSDAQ,57681189600,벤처기업부
094850,참좋은여행,KOSDAQ,57610000000,우량기업부
191420,테고사이언스,KOSDAQ,57329456380,벤처기업부
054300,팬스타엔터프라이즈,KOSDAQ,56961741650,벤처기업부
950200,소마젠,KOSDAQ,56746356350,외국기업(소속부없음)
014470,부방,KOSDAQ,56725470417,벤처기업부
145170,노브랜드,KOSDAQ,56643156750,중견기업부
059270,해성에어로보틱스,KOSDAQ,56608065930,기술성장기업부
037440,희림,KOSDAQ,56455636125,우량기업부
129260,인터지스,KOSPI,56342473356,
033310,엠투엔,KOSDAQ,56241245592,중견기업부
003925,남양유업우,KOSPI,56167125300,
006890,태경케미컬,KOSPI,56144000000,
420570,제이투케이바이오,KOSDAQ,56077361970,벤처기업부
007370,진양제약,KOSDAQ,56043637455,우량기업부
317530,에피소드컴퍼니,KOSDAQ,55983622400,기술성장기업부
333620,엔시스,KOSDAQ,55979361900,벤처기업부
003465,유화증권우,KOSPI,55924560000,
0220WL,한화머시너리앤서비스홀딩스3우B,KOSPI,55906566100,
210980,SK디앤디,KOSPI,55852146000,
033230,인성정보,KOSDAQ,55768979520,중견기업부
348150,고바이오랩,KOSDAQ,55732211430,기술성장기업부
092300,현우산업,KOSDAQ,55613643960,우량기업부
340930,성원에너텍,KOSDAQ,55513882710,관리종목(소속부없음)
020760,일진디스플,KOSPI,55503470462,
075180,새론오토모티브,KOSPI,55392000000,
005320,온타이드,KOSPI,55076618295,
459100,위츠,KOSDAQ,55009018500,중견기업부
464490,쿼드메디슨,KOSDAQ,54950523325,기술성장기업부
090080,평화산업,KOSPI,54902259000,
457600,벡트,KOSDAQ,54830000000,벤처기업부
003780,진양산업,KOSPI,54795000000,
217480,에스디생명공학,KOSDAQ,54756837359,투자주의환기종목(소속부없음)
0013V0,삼진식품,KOSDAQ,54453421440,중견기업부
288180,케이피항공산업,KOSDAQ,54414408320,중견기업부
025530,SJM홀딩스,KOSPI,54359789120,
393210,토마토시스템,KOSDAQ,54338613120,기술성장기업부
061250,화일약품,KOSDAQ,54293416800,우량기업부
435570,에르코스,KOSDAQ,54080579300,벤처기업부
006125,SK디스커버리우,KOSPI,54071849500,
004830,덕성,KOSPI,54017600000,
024910,경창산업,KOSDAQ,54015059540,중견기업부
064800,포니링크,KOSDAQ,53934678490,중견기업부
37550K,DL이앤씨우,KOSPI,53904067500,
040610,SG&G,KOSDAQ,53857769680,중견기업부
088280,쏘닉스,KOSDAQ,53823183900,기술성장기업부
036670,삼양케이씨아이,KOSDAQ,53747199000,우량기업부
105760,포스뱅크,KOSDAQ,53705974490,우량기업부
419080,엔젯,KOSDAQ,53652416895,기술성장기업부
109080,옵티시스,KOSDAQ,53542000000,벤처기업부
28513K,SK케미칼우,KOSPI,53520353700,
071670,에이테크솔루션,KOSDAQ,53500000000,중견기업부
081180,쎄크,KOSDAQ,53482742100,기술성장기업부
170790,파이오링크,KOSDAQ,53353773900,우량기업부
007460,에이프로젠,KOSPI,53352031200,
092440,기신정기,KOSPI,53348400000,
900120,씨엑스아이,KOSDAQ,53269480400,관리종목(소속부없음)
238090,앤디포스,KOSDAQ,53236308240,벤처기업부
370090,퓨런티어,KOSDAQ,53223482600,기술성장기업부
002410,범양건영,KOSPI,53173451700,
053270,구영테크,KOSDAQ,53093954485,우량기업부
023810,인팩,KOSPI,53000000000,
000725,현대건설우,KOSPI,52945588600,
001550,조비,KOSPI,52805070630,
021050,서원,KOSPI,52649320310,
378850,화승알앤에이,KOSPI,52517367595,
003475,유안타증권우,KOSPI,52334446450,
290660,다이나믹솔루션,KOSDAQ,52262223360,기술성장기업부
317830,에스피시스템스,KOSDAQ,52253017300,벤처기업부
196300,HLB펩,KOSDAQ,52216708500,관리종목(소속부없음)
373200,엑스플러스,KOSDAQ,52215149145,벤처기업부
039240,경남스틸,KOSDAQ,52205533740,우량기업부
053160,프리엠스,KOSDAQ,52140000000,중견기업부
043710,코스리거글로벌,KOSDAQ,52110631020,중견기업부
340810,시선AI,KOSDAQ,52101315270,기술성장기업부
163280,에어레인,KOSDAQ,52099788740,기술성장기업부
396690,미래에셋글로벌리츠,KOSPI,52081811100,
054930,유신,KOSDAQ,52050000000,우량기업부
104620,노랑풍선,KOSDAQ,51944605680,중견기업부
027050,코리아나,KOSDAQ,51880000000,중견기업부
019990,에너토크,KOSDAQ,51804827280,중견기업부
036120,서울평가정보,KOSDAQ,51768585000,중견기업부
391710,코닉오토메이션,KOSDAQ,51656009640,벤처기업부
010770,평화홀딩스,KOSPI,51627894980,
012690,모나리자,KOSPI,51602040805,
024950,삼천리자전거,KOSDAQ,51274000000,중견기업부
005305,롯데칠성우,KOSPI,50937867000,
101140,인바이오젠,KOSPI,50924175120,
311690,CJ 바이오사이언스,KOSDAQ,50889974490,기술성장기업부
015710,코콤,KOSDAQ,50838450000,우량기업부
179900,유티아이,KOSDAQ,50795746245,투자주의환기종목(소속부없음)
042110,에스씨디,KOSDAQ,50552723944,우량기업부
094940,푸른로보틱스,KOSDAQ,50502771440,벤처기업부
393970,대진첨단소재,KOSDAQ,50428566500,관리종목(소속부없음)
052790,액토즈소프트,KOSDAQ,50362161670,중견기업부
088910,동우팜투테이블,KOSDAQ,50208883328,우량기업부
000950,전방,KOSPI,50064000000,
123700,SJM,KOSPI,50013698090,
314140,알피바이오,KOSDAQ,49831575750,우량기업부
143540,영우디에스피,KOSDAQ,49818082715,벤처기업부
006880,신송홀딩스,KOSPI,49799492180,
347740,피엔케이피부임상연구센타,KOSDAQ,49757535008,벤처기업부
246690,TS인베스트먼트,KOSDAQ,49696383660,중견기업부
046940,우원개발,KOSDAQ,49614090750,우량기업부
063440,SM Life Design,KOSDAQ,49579384216,중견기업부
256630,포인트엔지니어링,KOSDAQ,49471500710,벤처기업부
317850,대모,KOSDAQ,49447054800,벤처기업부
376290,씨유테크,KOSDAQ,49441000000,벤처기업부
011390,부산산업,KOSPI,49315200000,
006980,우성,KOSPI,49223700000,
001620,케이비아이동국실업,KOSPI,49080226230,
463480,모티브링크,KOSDAQ,49065817680,중견기업부
002630,오리엔트바이오,KOSPI,49004426403,
011230,삼화전자,KOSPI,48872751750,
038010,제일테크노스,KOSDAQ,48870000000,우량기업부
044340,위닉스,KOSDAQ,48615716000,중견기업부
053450,세코닉스,KOSDAQ,48594357855,우량기업부
065130,탑엔지니어링,KOSDAQ,48572140000,중견기업부
011000,진원생명과학,KOSPI,48531471270,
060560,HC홈센타,KOSDAQ,48516469911,중견기업부
219550,디와이디,KOSDAQ,48455054910,관리종목(소속부없음)
459550,알트,KOSDAQ,48449081881,중견기업부
150900,파수AI,KOSDAQ,48278678250,벤처기업부
122310,제노레이,KOSDAQ,48100454420,우량기업부
009320,아진전자부품,KOSPI,48017975980,
114450,그린생명과학,KOSDAQ,48000000000,벤처기업부
004410,서울식품,KOSPI,47977295808,
217500,러셀,KOSDAQ,47972496000,벤처기업부
321260,프로이천,KOSDAQ,47926542800,벤처기업부
479960,위너스일렉,KOSDAQ,47886720000,중견기업부
382150,온코크로스,KOSDAQ,47880119180,기술성장기업부
418250,시큐레터,KOSDAQ,47629012750,관리종목(소속부없음)
009835,한화솔루션우,KOSPI,47558873040,
452400,이닉스,KOSDAQ,47534282720,우량기업부
408470,한패스,KOSDAQ,47521140000,중견기업부
002140,고려산업,KOSPI,47434786350,
199550,레이저옵텍,KOSDAQ,47283844335,벤처기업부
059100,아이컴포넌트,KOSDAQ,47162636200,벤처기업부
900340,윙입푸드,KOSDAQ,47147119900,외국기업(소속부없음)
189860,서전기전,KOSDAQ,47136070800,벤처기업부
365660,레몬헬스케어,KOSDAQ,47094456500,기술성장기업부
361570,알비더블유,KOSDAQ,47024024076,중견기업부
348080,큐라티스,KOSDAQ,47013714745,중견기업부
023440,제이스코홀딩스,KOSDAQ,46964378481,관리종목(소속부없음)
002920,유성기업,KOSPI,46939027500,
131400,이브이첨단소재,KOSDAQ,46898809560,관리종목(소속부없음)
232830,아이티센피엔에스,KOSDAQ,46873113210,벤처기업부
277070,린드먼아시아,KOSDAQ,46826640000,중견기업부
317690,퀀타매트릭스,KOSDAQ,46813942425,기술성장기업부
200350,아티스트스튜디오,KOSDAQ,46731416875,기술성장기업부
011300,우성머티리얼스,KOSPI,46717432550,
317870,엔바이오니아,KOSDAQ,46685205600,기술성장기업부
440290,HB인베스트먼트,KOSDAQ,46513373130,중견기업부
471820,셀로맥스사이언스,KOSDAQ,46341803900,벤처기업부
069460,대호에이엘,KOSPI,46322277400,
0010V0,제이피아이헬스케어,KOSDAQ,46101762000,벤처기업부
094970,제이엠티,KOSDAQ,46057660000,벤처기업부
041650,상신브레이크,KOSPI,45948903000,
053980,오상자이엘,KOSDAQ,45938334860,우량기업부
460470,아이빔테크놀로지,KOSDAQ,45887287950,기술성장기업부
229000,젠큐릭스,KOSDAQ,45848918905,기술성장기업부
032960,동일기연,KOSDAQ,45829699875,중견기업부
073110,엘엠에스,KOSDAQ,45813138250,벤처기업부
189980,흥국에프엔비,KOSDAQ,45757122780,우량기업부
357250,미래에셋맵스리츠,KOSPI,45666056835,
004540,깨끗한나라,KOSPI,45657089618,
260930,씨티케이,KOSDAQ,45646154760,중견기업부
000910,유니온,KOSPI,45585927480,
384470,코어라인소프트,KOSDAQ,45583685820,기술성장기업부
072990,에이치시티,KOSDAQ,45524366840,우량기업부
042040,케이피엠테크,KOSDAQ,45522702750,중견기업부
340360,다보링크,KOSDAQ,45473043456,투자주의환기종목(소속부없음)
476040,오가노이드사이언스,KOSDAQ,45441744000,기술성장기업부
222420,쎄노텍,KOSDAQ,45416574574,벤처기업부
037950,엘컴텍,KOSDAQ,45263868040,중견기업부
051390,YW,KOSDAQ,45251141480,중견기업부
453860,에이에스텍,KOSDAQ,45175405230,벤처기업부
198080,캐프,KOSDAQ,44900860725,우량기업부
068330,일신바이오,KOSDAQ,44835165960,중견기업부
050120,ES큐브,KOSDAQ,44829304230,중견기업부
082850,우리바이오,KOSDAQ,44822331875,중견기업부
074610,이엔플러스,KOSPI,44815400070,
066130,하츠,KOSDAQ,44736000000,우량기업부
227950,엔투텍,KOSDAQ,44722638864,벤처기업부
003080,SB성보,KOSPI,44644600000,
178780,일월지엠엘,KOSDAQ,44640872025,벤처기업부
033340,좋은사람들,KOSDAQ,44597256680,관리종목(소속부없음)
373160,데이원컴퍼니,KOSDAQ,44550501600,기술성장기업부
084870,TBH글로벌,KOSPI,44333040752,
014190,원익큐브,KOSDAQ,44208443679,우량기업부
288330,파라택시스코리아,KOSDAQ,44129674368,관리종목(소속부없음)
159580,제로투세븐,KOSDAQ,43971636020,중견기업부
072470,우리산업홀딩스,KOSDAQ,43913067825,중견기업부
900250,크리스탈신소재,KOSDAQ,43909191226,외국기업(소속부없음)
162120,루켄테크놀러지스,KONEX,43845445860,일반기업부
017180,명문제약,KOSPI,43799955660,
129890,앱코,KOSDAQ,43769323522,벤처기업부
086060,진바이오텍,KOSDAQ,43741781960,중견기업부
004060,SG세계물산,KOSPI,43723791360,
466410,사이냅소프트,KOSDAQ,43721359640,벤처기업부
258610,케일럼,KOSDAQ,43563165222,중견기업부
004910,조광페인트,KOSPI,43392000000,
083550,케이엠,KOSDAQ,43311947175,중견기업부
011330,유니켐,KOSPI,43080771200,
112190,KC산업,KONEX,42708321999,일반기업부
092780,DYP,KOSPI,42599968100,
263020,디케이앤디,KOSDAQ,42546148950,벤처기업부
200580,메디쎄이,KONEX,42477300600,일반기업부
022220,티케이지애강,KOSDAQ,42367965622,관리종목(소속부없음)
481850,신한글로벌액티브리츠,KOSPI,42347244736,
065440,이루온,KOSDAQ,42303556020,벤처기업부
140520,대창스틸,KOSDAQ,42155158271,중견기업부
256150,한독크린텍,KOSDAQ,42142900000,벤처기업부
290670,대보마그네틱,KOSDAQ,42117057600,중견기업부
446070,유니드비티플러스,KOSPI,42073467475,
307280,원바이오젠,KOSDAQ,42071138110,벤처기업부
014910,성문전자,KOSPI,42053362468,
189690,포시에스,KOSDAQ,42021188322,벤처기업부
122830,원포유,KONEX,42020796755,일반기업부
054780,키이스트,KOSDAQ,41969388055,중견기업부
413640,비아이매트릭스,KOSDAQ,41872321400,벤처기업부
008420,문배철강,KOSPI,41827150200,
263700,케어랩스,KOSDAQ,41449317000,중견기업부
019490,엑시큐어하이트론,KOSPI,41349858070,
450330,하스,KOSDAQ,41261688720,기술성장기업부
002290,삼일기업공사,KOSDAQ,41230000000,우량기업부
199480,뱅크웨어글로벌,KOSDAQ,41092249640,기술성장기업부
056700,신화인터텍,KOSDAQ,40963937946,중견기업부
261200,덴티스,KOSDAQ,40868074500,중견기업부
461030,아이엠비디엑스,KOSDAQ,40853373450,기술성장기업부
026940,부국철강,KOSPI,40800000000,
263810,상신전자,KOSDAQ,40767552000,중견기업부
190650,코리아에셋투자증권,KOSDAQ,40755440000,우량기업부
184230,SGA솔루션즈,KOSDAQ,40587166560,벤처기업부
286750,나노실리칸첨단소재,KOSDAQ,40516502840,투자주의환기종목(소속부없음)
002870,신풍,KOSPI,40482174600,
452200,민테크,KOSDAQ,40465446400,기술성장기업부
099410,동방선기,KOSDAQ,40460000000,벤처기업부
469750,아이비젼웍스,KOSDAQ,40451907520,벤처기업부
100660,서암기계공업,KOSDAQ,40446000000,중견기업부
007530,와이엠,KOSDAQ,40435937727,중견기업부
263770,유에스티,KOSDAQ,40408793260,우량기업부
049800,우진플라임,KOSPI,40400000000,
017040,광명전기,KOSPI,40390657180,
191600,블루탑,KONEX,40368063360,일반기업부
136410,아셈스,KOSDAQ,40329927960,벤처기업부
066900,디에이피,KOSDAQ,40257770310,관리종목(소속부없음)
084650,랩지노믹스,KOSDAQ,40238074580,관리종목(소속부없음)
000215,DL우,KOSPI,40213842750,
023350,한국종합기술,KOSPI,40022250000,
064090,인크레더블버즈,KOSDAQ,39694710510,관리종목(소속부없음)
037230,한국팩키지,KOSDAQ,39634434910,우량기업부
045510,정원엔시스,KOSDAQ,39570305949,중견기업부
044960,이글벳,KOSDAQ,39569093790,중견기업부
007110,일신석재,KOSPI,39270501270,
446840,지슨,KOSDAQ,39219152960,기술성장기업부
049830,승일,KOSDAQ,39184195680,중견기업부
223310,사토시홀딩스,KOSDAQ,39142101810,투자주의환기종목(소속부없음)
007680,대원,KOSDAQ,39139304480,중견기업부
025880,케이씨피드,KOSDAQ,39115107720,우량기업부
053950,경남제약,KOSDAQ,38945003265,중견기업부
171010,램테크놀러지,KOSDAQ,38892605440,벤처기업부
104200,NHN벅스,KOSDAQ,38848181000,중견기업부
027830,대성창투,KOSDAQ,38826000000,관리종목(소속부없음)
224110,에이텍모빌리티,KOSDAQ,38763345180,벤처기업부
008870,금비,KOSPI,38600000000,
046310,백금T&A,KOSDAQ,38583806350,우량기업부
121890,에스디시스템,KOSDAQ,38545193400,중견기업부
273060,와이즈버즈,KOSDAQ,38529115520,중견기업부
203450,유니온바이오메트릭스,KOSDAQ,38506084145,벤처기업부
050860,아세아텍,KOSDAQ,38497500000,우량기업부
215380,콜마바이오텍,KOSDAQ,38455581160,중견기업부
465480,인스피언,KOSDAQ,38422155880,벤처기업부
145270,케이탑리츠,KOSPI,38400558426,
009810,MDS스피어,KOSPI,38200058312,
352700,씨앤투스,KOSDAQ,38127780449,벤처기업부
019770,서연탑메탈,KOSDAQ,38095500000,우량기업부
004920,씨아이테크,KOSPI,38091305100,
221840,하이즈항공,KOSDAQ,38055641635,중견기업부
221980,케이디켐,KOSDAQ,38007816000,우량기업부
023960,에쓰씨엔지니어링,KOSPI,37959901054,
002360,SH에너지화학,KOSPI,37841035065,
011420,갤럭시아에스엠,KOSPI,37825661212,
051490,나라엠앤디,KOSDAQ,37772000000,우량기업부
238120,얼라인드,KOSDAQ,37607334730,기술성장기업부
101240,씨큐브,KOSDAQ,37591842120,우량기업부
038070,서린바이오,KOSDAQ,37574731040,중견기업부
035460,기산텔레콤,KOSDAQ,37524655100,벤처기업부
258790,소프트캠프,KOSDAQ,37486920000,벤처기업부
218150,미래생명자원,KOSDAQ,37462996670,벤처기업부
239890,피엔에이치테크,KOSDAQ,37408117575,기술성장기업부
180060,탑선,KONEX,37390664000,일반기업부
052220,iMBC,KOSDAQ,37352000000,중견기업부
134790,시디즈,KOSPI,37040000000,
177900,쓰리에이로직스,KOSDAQ,37018122000,기술성장기업부
012280,영화금속,KOSPI,36945280730,
250000,보라티알,KOSDAQ,36926509510,우량기업부
081580,성우전자,KOSDAQ,36909380340,중견기업부
097870,효성오앤비,KOSDAQ,36889050000,중견기업부
049120,파인디앤씨,KOSDAQ,36860441100,벤처기업부
043910,자연과환경,KOSDAQ,36852221250,벤처기업부
234100,폴라리스세원,KOSDAQ,36723114540,우량기업부
0010F0,보원케미칼,KOSDAQ,36662447290,벤처기업부
122690,서진오토모티브,KOSDAQ,36603557276,중견기업부
046390,삼화네트웍스,KOSDAQ,36524300895,중견기업부
348030,모비릭스,KOSDAQ,36494440000,중견기업부
037370,EG,KOSDAQ,36311132120,벤처기업부
219420,링크제니시스,KOSDAQ,36243642120,기술성장기업부
000890,보해양조,KOSPI,36132224700,
434480,모니터랩,KOSDAQ,36130730500,기술성장기업부
027740,마니커,KOSPI,36106133118,
086040,바이오톡스텍,KOSDAQ,36065638220,벤처기업부
042940,상지건설,KOSDAQ,36055599360,중견기업부
045060,오공,KOSDAQ,36001694750,우량기업부
009140,케이아이이,KOSPI,35971251300,
284620,카이노스메드,KOSDAQ,35965517911,투자주의환기종목(소속부없음)
008250,이건산업,KOSPI,35869879625,
227420,도부,KONEX,35761839400,일반기업부
057540,옴니시스템,KOSDAQ,35755349336,관리종목(소속부없음)
047400,유니온머티리얼,KOSPI,35742000000,
068940,셀피글로벌,KOSDAQ,35720093048,관리종목(소속부없음)
123570,이엠넷,KOSDAQ,35708553034,중견기업부
260660,알리코제약,KOSDAQ,35635323825,중견기업부
208710,포톤,KOSDAQ,35586356400,중견기업부
446440,에피바이오텍,KONEX,35572074180,일반기업부
026040,제이에스티나,KOSDAQ,35565667450,중견기업부
065500,오리엔트정공,KOSDAQ,35528454528,중견기업부
332290,누보,KOSDAQ,35369354295,벤처기업부
133820,화인베스틸,KOSPI,35333005904,
263050,유틸렉스,KOSDAQ,35324626904,관리종목(소속부없음)
000760,이화산업,KOSPI,35280000000,
153460,네이블,KOSDAQ,35262075600,중견기업부
207760,미스터블루,KOSDAQ,35225826720,중견기업부
363250,진시스템,KOSDAQ,35224701480,기술성장기업부
051630,진양화학,KOSPI,35192000000,
024120,KB오토시스,KOSDAQ,35132500000,중견기업부
296160,프로젠,KONEX,35132055515,일반기업부
014570,고려제약,KOSDAQ,35090000000,중견기업부
109820,진매트릭스,KOSDAQ,34975092600,기술성장기업부
089140,넥스턴앤롤코리아,KOSDAQ,34921013520,벤처기업부
290120,DH오토리드,KOSDAQ,34894515285,중견기업부
387570,파인메딕스,KOSDAQ,34880580000,기술성장기업부
060850,영림원소프트랩,KOSDAQ,34841335000,벤처기업부
204020,그리티,KOSDAQ,34816989280,우량기업부
452300,캡스톤파트너스,KOSDAQ,34786134775,중견기업부
013000,세우글로벌,KOSPI,34646972417,
290090,트윔,KOSDAQ,34524235520,벤처기업부
127980,화인써키트,KOSDAQ,34515593860,중견기업부
079190,케스피온,KOSDAQ,34499295936,관리종목(소속부없음)
039290,인포뱅크,KOSDAQ,34471622770,중견기업부
377030,비트맥스,KOSDAQ,34443001820,관리종목(소속부없음)
318410,비비씨,KOSDAQ,34442506600,중견기업부
186230,그린플러스,KOSDAQ,34398592200,벤처기업부
060540,에스에이티,KOSDAQ,34286409408,중견기업부
406820,뷰티스킨,KOSDAQ,34209499940,벤처기업부
010640,진양폴리,KOSPI,33901000000,
417860,오브젠,KOSDAQ,33889723200,벤처기업부
430690,한싹,KOSDAQ,33829918920,벤처기업부
073570,리튬포어스,KOSDAQ,33704518400,관리종목(소속부없음)
106240,파인테크닉스,KOSDAQ,33626121210,벤처기업부
014130,한익스프레스,KOSPI,33621877135,
066360,체리부로,KOSDAQ,33614361814,우량기업부
099220,SDN,KOSDAQ,33612282900,관리종목(소속부없음)
057030,YBM넷,KOSDAQ,33604155820,중견기업부
143210,핸즈코퍼레이션,KOSPI,33571739817,
064520,테크엘,KOSDAQ,33504241938,중견기업부
004365,세방우,KOSPI,33498390000,
431190,케이쓰리아이,KOSDAQ,33464395740,기술성장기업부
065950,웰크론,KOSDAQ,33454092870,중견기업부
075130,플랜티넷,KOSDAQ,33453814000,벤처기업부
002880,디와이에이,KOSPI,33443406425,
005820,원림,KOSPI,33297585300,
270870,뉴트리,KOSDAQ,33280930200,중견기업부
432430,와이랩,KOSDAQ,33264264800,기술성장기업부
310870,디와이씨,KOSDAQ,33234664632,벤처기업부
131090,시큐브,KOSDAQ,33198388035,벤처기업부
009460,한창제지,KOSPI,33193755340,
169330,엠브레인,KOSDAQ,33190255416,중견기업부
038060,루멘스바이오스,KOSDAQ,33143014541,중견기업부
476080,M83,KOSDAQ,33034930000,중견기업부
012160,영흥,KOSPI,32959683330,
296640,이노에이엑스,KOSDAQ,32881900200,벤처기업부
335810,프리시젼바이오,KOSDAQ,32836460976,기술성장기업부
397810,애드포러스,KOSDAQ,32822497200,벤처기업부
045300,성우테크론,KOSDAQ,32801207320,중견기업부
495810,유비씨,KONEX,32800000000,일반기업부
270520,앱튼,KOSDAQ,32742015652,투자주의환기종목(소속부없음)
153490,우리이앤엘하루틴,KOSDAQ,32741280000,우량기업부
032790,엠젠솔루션,KOSDAQ,32708801970,벤처기업부
052600,한네트,KOSDAQ,32667452500,중견기업부
006920,모헨즈,KOSDAQ,32650800000,중견기업부
0203K0,송우인포텍,KONEX,32550000000,일반기업부
133750,메가엠디,KOSDAQ,32489022876,중견기업부
215090,솔디펜스,KOSDAQ,32394769739,벤처기업부
196450,코아시아씨엠,KOSDAQ,32313160000,중견기업부
220180,폴라리스AI핸디,KOSDAQ,32306636700,벤처기업부
006370,대구백화점,KOSPI,32302508835,
419120,산돌,KOSDAQ,32286412030,중견기업부
200780,비씨월드제약,KOSDAQ,32263624525,중견기업부
087600,픽셀플러스,KOSDAQ,32257904100,벤처기업부
408900,스튜디오미르,KOSDAQ,32228882136,중견기업부
033830,티비씨,KOSDAQ,32142121000,중견기업부
091340,S&K폴리텍,KOSDAQ,32068195540,중견기업부
038620,위즈코프,KOSDAQ,31882104765,벤처기업부
037330,인지디스플레,KOSDAQ,31860672624,관리종목(소속부없음)
148930,에이치와이티씨,KOSDAQ,31848416690,중견기업부
069920,엑시온그룹,KOSDAQ,31837367760,관리종목(소속부없음)
462980,아이지넷,KOSDAQ,31782623691,기술성장기업부
263920,휴엠앤씨,KOSDAQ,31781244240,중견기업부
021650,한국큐빅,KOSDAQ,31654689968,중견기업부
900270,헝셩그룹,KOSDAQ,31652568140,외국기업(소속부없음)
271830,팸텍,KOSDAQ,31642986746,벤처기업부
383930,디티앤씨알오,KOSDAQ,31512875520,중견기업부
364950,에이아이코리아,KOSDAQ,31485008775,벤처기업부
012620,원일특강,KOSDAQ,31416000000,우량기업부
031510,오스템,KOSDAQ,31388000000,중견기업부
318020,포인트모바일,KOSDAQ,31306737240,벤처기업부
080520,오디텍,KOSDAQ,31306483005,벤처기업부
159910,에코글로우,KOSDAQ,31296620030,중견기업부
073540,에프알텍,KOSDAQ,31293000000,벤처기업부
090370,메타랩스,KOSPI,31291173594,
258830,세종메디칼,KOSDAQ,31223976612,관리종목(소속부없음)
311390,네오크레마,KOSDAQ,31128320940,벤처기업부
337840,유엑스엔,KONEX,31058963520,일반기업부
376980,원티드랩,KOSDAQ,31057132920,기술성장기업부
356890,싸이버원,KOSDAQ,30960406750,벤처기업부
462310,뉴키즈온,KOSDAQ,30765066475,중견기업부
016600,큐캐피탈,KOSDAQ,30645714195,중견기업부
010400,우진아이엔에스,KOSPI,30640440000,
464280,티디에스팜,KOSDAQ,30636200000,중견기업부
208860,다산디엠씨,KOSDAQ,30622872940,벤처기업부
075970,동국알앤에스,KOSDAQ,30599200000,중견기업부
064480,브리지텍,KOSDAQ,30598400000,벤처기업부
003535,한화투자증권우,KOSPI,30528000000,
173940,에프엔씨엔터,KOSDAQ,30523938264,중견기업부
197140,디지캡,KOSDAQ,30515846130,벤처기업부
097780,에코볼트,KOSDAQ,30459926589,중견기업부
069640,한세엠케이,KOSPI,30429673400,
452160,제이엔비,KOSDAQ,30343297685,중견기업부
090410,덕신이피씨,KOSDAQ,30323334510,우량기업부
025440,DH오토웨어,KOSDAQ,30244356400,투자주의환기종목(소속부없음)
246250,에스엘에스바이오,KOSDAQ,30220617614,관리종목(소속부없음)
444530,심플랫폼,KOSDAQ,30197235270,기술성장기업부
148250,알엔투테크놀로지,KOSDAQ,30079655840,벤처기업부
101670,하이드로리튬,KOSDAQ,30035131923,관리종목(소속부없음)
300120,라온피플,KOSDAQ,29999433090,벤처기업부
024070,WISCOM,KOSPI,29978512728,
025750,한솔홈데코,KOSPI,29970233940,
367000,플래티어,KOSDAQ,29945898990,벤처기업부
099390,브레인즈컴퍼니,KOSDAQ,29878150120,벤처기업부
464580,닷밀,KOSDAQ,29873082447,기술성장기업부
038870,에코심플렉스,KOSDAQ,29851841370,중견기업부
462510,라메디텍,KOSDAQ,29842051350,기술성장기업부
032860,더라미,KOSDAQ,29812144680,중견기업부
262840,아이퀘스트,KOSDAQ,29724301100,벤처기업부
071850,캐스텍코리아,KOSDAQ,29719649050,투자주의환기종목(소속부없음)
407400,꿈비,KOSDAQ,29708104020,벤처기업부
336060,웨이버스,KOSDAQ,29663603200,벤처기업부
020180,대신정보통신,KOSDAQ,29474977805,중견기업부
226330,신테카바이오,KOSDAQ,29425530175,투자주의환기종목(소속부없음)
070590,인티큐브,KOSDAQ,29424584520,중견기업부
001070,대한방직,KOSPI,29415000000,
038950,파인디지털,KOSDAQ,29202787900,중견기업부
019570,GMI벤처,KOSDAQ,29157704775,중견기업부
079170,한창산업,KOSDAQ,29120000000,우량기업부
033540,파라텍,KOSDAQ,29101205810,중견기업부
036420,콘텐트리중앙,KOSPI,29086085080,
900070,글로벌에스엠,KOSDAQ,29048614704,외국기업(소속부없음)
369370,블리츠웨이엔터테인먼트,KOSDAQ,28975579710,벤처기업부
031310,아이즈비전,KOSDAQ,28973238074,중견기업부
002680,한탑,KOSDAQ,28968772050,관리종목(소속부없음)
237820,플레이디,KOSDAQ,28925200700,중견기업부
128540,에코캡,KOSDAQ,28905768180,우량기업부
025890,한국주강,KOSPI,28753109280,
317240,TS트릴리온,KOSDAQ,28739060335,벤처기업부
188260,세니젠,KOSDAQ,28706221670,투자주의환기종목(소속부없음)
043340,에쎈테크,KOSDAQ,28690000000,관리종목(소속부없음)
088790,진도,KOSPI,28629811200,
308170,씨티알모빌리티,KOSPI,28628250000,
050110,캠시스,KOSDAQ,28611098780,중견기업부
333050,이노테나,KOSDAQ,28561636000,벤처기업부
311060,엘에이티,KONEX,28536485750,일반기업부
388610,지에프씨생명과학,KOSDAQ,28490799050,기술성장기업부
019175,신풍제약우,KOSPI,28474589000,
109960,앱토크롬,KOSDAQ,28357804642,투자주의환기종목(소속부없음)
351330,이삭엔지니어링,KOSDAQ,28346738400,벤처기업부
023150,MH에탄올,KOSPI,28309541645,
003680,한성기업,KOSPI,28222245675,
009190,대양금속,KOSPI,28221801900,
043220,티에스넥스젠,KOSDAQ,28191099330,관리종목(소속부없음)
239610,에이치엘사이언스,KOSDAQ,28038998000,벤처기업부
365590,하이딥,KOSDAQ,28015872550,기술성장기업부
254120,자비스,KOSDAQ,27986385700,기술성장기업부
067010,이씨에스,KOSDAQ,27983445000,벤처기업부
006570,대림통상,KOSPI,27922650000,
068050,팬엔터테인먼트,KOSDAQ,27915628608,중견기업부
068100,케이웨더,KOSDAQ,27850796560,기술성장기업부
187270,신화콘텍,KOSDAQ,27844854525,벤처기업부
318010,팜스빌,KOSDAQ,27831976380,벤처기업부
101400,엔시트론,KOSDAQ,27785794452,중견기업부
130500,GH신소재,KOSDAQ,27766504268,중견기업부
373170,엠아이큐브솔루션,KOSDAQ,27733804650,벤처기업부
376180,피코그램,KOSDAQ,27693068696,벤처기업부
088340,유라클,KOSDAQ,27670093120,벤처기업부
119500,포메탈,KOSDAQ,27663286720,중견기업부
160550,NEW,KOSDAQ,27654951046,중견기업부
089150,케이씨티,KOSDAQ,27611500000,벤처기업부
008470,부스타,KOSDAQ,27483696000,벤처기업부
093380,풍강,KOSDAQ,27415093575,중견기업부
225220,제놀루션,KOSDAQ,27326589904,벤처기업부
368970,오에스피,KOSDAQ,27256316150,벤처기업부
398120,에스지헬스케어,KOSDAQ,27235475300,벤처기업부
351870,차이커뮤니케이션,KOSDAQ,27176163270,중견기업부
096630,에스코넥,KOSDAQ,27148512330,우량기업부
091970,LSK아이로봇,KOSDAQ,27125208000,중견기업부
139670,키네마스터,KOSDAQ,27108115200,중견기업부
007770,한일화학,KOSDAQ,27044550000,중견기업부
131220,대한과학,KOSDAQ,27022526250,벤처기업부
195500,마니커에프앤지,KOSDAQ,27018798000,중견기업부
403360,라피치,KONEX,26938590250,일반기업부
078590,휴림에이텍,KOSDAQ,26918552045,중견기업부
114630,폴라리스우노,KOSDAQ,26852516384,우량기업부
297570,아틀라스링크,KOSDAQ,26831441625,벤처기업부
215790,이노인스트루먼트,KOSDAQ,26828577234,관리종목(소속부없음)
191410,육일씨엔에쓰,KOSDAQ,26817087388,관리종목(소속부없음)
048470,대동스틸,KOSDAQ,26778750000,중견기업부
066910,손오공,KOSDAQ,26757353048,중견기업부
038880,아이에이,KOSDAQ,26751345880,중견기업부
115480,씨유메디칼,KOSDAQ,26735428755,중견기업부
236810,엔비티,KOSDAQ,26702345098,기술성장기업부
198940,한주라이트메탈,KOSDAQ,26680617798,중견기업부
027040,서울전자통신,KOSDAQ,26666445404,중견기업부
288620,에스프리즘,KOSDAQ,26660987120,벤처기업부
450520,인스웨이브,KOSDAQ,26659399914,벤처기업부
017000,신원종합개발,KOSDAQ,26603101560,우량기업부
007120,미래아이앤지,KOSPI,26558066808,
047080,한빛소프트,KOSDAQ,26535104978,중견기업부
290520,신도기연,KOSDAQ,26499700176,벤처기업부
363260,모비데이즈,KOSDAQ,26470778595,벤처기업부
359090,씨엔알리서치,KOSDAQ,26321587470,중견기업부
002690,동일제강,KOSPI,26309266560,
118000,메타케어,KOSPI,26268439935,
043200,파루,KOSDAQ,26253109192,벤처기업부
123840,뉴온,KOSDAQ,26237995350,투자주의환기종목(소속부없음)
032750,삼진,KOSDAQ,26235409410,우량기업부
290270,휴네시온,KOSDAQ,26228944560,벤처기업부
290560,파라택시스이더리움,KOSDAQ,26052580450,벤처기업부
058110,멕아이씨에스,KOSDAQ,25985808070,기술성장기업부
016670,디모아,KOSDAQ,25944325530,중견기업부
016920,카스,KOSDAQ,25904321856,중견기업부
069140,누리플랜,KOSDAQ,25889303860,벤처기업부
080530,코디,KOSDAQ,25797023720,중견기업부
238490,힘스,KOSDAQ,25791898080,벤처기업부
002355,넥센타이어1우B,KOSPI,25707500000,
006345,대원전선우,KOSPI,25687760000,
458350,에스팀,KOSDAQ,25658856000,중견기업부
33637K,솔루스첨단소재1우,KOSPI,25580433222,
134060,이퓨쳐,KOSDAQ,25563180000,벤처기업부
079000,와토스코리아,KOSDAQ,25560000000,중견기업부
105550,엣지파운드리,KOSDAQ,25543759710,중견기업부
033250,체시스,KOSPI,25536000000,
033050,제이엠아이,KOSDAQ,25535141056,관리종목(소속부없음)
052300,오션인더블유,KOSDAQ,25503280960,중견기업부
057680,티사이언티픽,KOSDAQ,25426583490,벤처기업부
069410,엔텔스,KOSDAQ,25407163520,벤처기업부
072770,멤레이비티,KOSDAQ,25405403976,중견기업부
013720,청보,KOSDAQ,25365334380,중견기업부
060380,동양에스텍,KOSDAQ,25314500000,중견기업부
103840,우양,KOSDAQ,25302497688,중견기업부
096690,에이루트,KOSDAQ,25263447760,중견기업부
004270,남성,KOSPI,25217507840,
146060,율촌,KOSDAQ,25192359155,중견기업부
003060,에이프로젠바이오로직스,KOSPI,25172342244,
054090,삼진엘앤디,KOSDAQ,25158905856,중견기업부
060230,제이케이시냅스,KOSDAQ,25037424258,중견기업부
900310,컬러레이,KOSDAQ,24950636580,외국기업(소속부없음)
328380,솔트웨어,KOSDAQ,24909037425,벤처기업부
053290,NE능률,KOSDAQ,24888618342,중견기업부
355390,크라우드웍스,KOSDAQ,24887716084,기술성장기업부
006490,프리티,KOSPI,24862612533,
378800,샤페론,KOSDAQ,24832507110,관리종목(소속부없음)
140430,카티스,KOSDAQ,24799656240,중견기업부
206400,베노티앤알,KOSDAQ,24794214438,관리종목(소속부없음)
090150,아이윈,KOSDAQ,24748296390,중견기업부
368600,아이씨에이치,KOSDAQ,24660416740,기술성장기업부
415380,스튜디오삼익,KOSDAQ,24659611125,중견기업부
322780,코퍼스코리아,KOSDAQ,24643715932,중견기업부
177830,파버나인,KOSDAQ,24634034775,벤처기업부
243870,아이티센코어,KONEX,24558437190,일반기업부
021880,메이슨캐피탈,KOSDAQ,24486079760,중견기업부
001810,무림SP,KOSDAQ,24461937500,중견기업부
354390,바스칸바이오제약,KONEX,24458590795,일반기업부
102950,아하,KONEX,24393617677,일반기업부
016100,리더스코스메틱,KOSDAQ,24391841638,중견기업부
131180,딜리,KOSDAQ,24360500000,벤처기업부
193250,링크드,KOSDAQ,24344826993,중견기업부
148780,비큐AI,KOSDAQ,24338991150,기술성장기업부
475660,에스켐,KOSDAQ,24304944275,기술성장기업부
044780,에이치케이,KOSDAQ,24279592544,벤처기업부
003495,대한항공우,KOSPI,24215243800,
023770,플레이위드,KOSDAQ,24200268975,중견기업부
278990,EMB,KONEX,24194331000,일반기업부
115530,씨엔플러스,KOSDAQ,24158484825,중견기업부
054940,엑사이엔씨,KOSDAQ,24050820125,중견기업부
318000,KBG,KOSDAQ,23991912135,벤처기업부
006740,블루산업개발,KOSPI,23982364770,
123750,알톤,KOSDAQ,23921137329,중견기업부
115160,휴맥스,KOSDAQ,23906808150,중견기업부
138070,신진에스엠,KOSDAQ,23856867052,중견기업부
317120,라닉스,KOSDAQ,23851380000,기술성장기업부
083660,CSA 코스믹,KOSDAQ,23783977035,중견기업부
405920,나라셀라,KOSDAQ,23695659840,중견기업부
219750,한국비티비,KOSDAQ,23658361616,중견기업부
083640,인콘,KOSDAQ,23647090200,벤처기업부
357430,마스턴프리미어리츠,KOSPI,23641612925,
464500,아이언디바이스,KOSDAQ,23634621207,기술성장기업부
267790,배럴,KOSDAQ,23452392450,중견기업부
035200,프럼파스트,KOSDAQ,23418751740,벤처기업부
065690,파커스,KOSDAQ,23404259636,투자주의환기종목(소속부없음)
207490,에이펙스인텍,KONEX,23400000000,일반기업부
009310,참엔지니어링,KOSPI,23329484620,
206560,덱스터,KOSDAQ,23302561912,기술성장기업부
032680,소프트센,KOSDAQ,23286439810,중견기업부
257370,피엔티엠에스,KOSDAQ,23259041460,벤처기업부
043590,웰킵스하이텍,KOSDAQ,23229068272,중견기업부
039740,한국정보공학,KOSDAQ,23213259315,벤처기업부
377330,이지트로닉스,KOSDAQ,23158169130,기술성장기업부
101680,한국정밀기계,KOSDAQ,23026960000,중견기업부
051380,피씨디렉트,KOSDAQ,23010108000,중견기업부
417180,핑거스토리,KOSDAQ,22945279335,중견기업부
076080,웰크론한텍,KOSDAQ,22933068340,중견기업부
389680,유디엠텍,KOSDAQ,22881905750,관리종목(소속부없음)
012170,아센디오,KOSPI,22838736730,
432980,엠에프씨,KOSDAQ,22768116300,기술성장기업부
036480,대성미생물,KOSDAQ,22762000000,중견기업부
210120,빅텐츠,KOSDAQ,22734753895,중견기업부
020400,대동금속,KOSDAQ,22729197660,중견기업부
429270,시지트로닉스,KOSDAQ,22648912650,기술성장기업부
187220,디티앤씨,KOSDAQ,22611918546,중견기업부
001380,SG글로벌,KOSPI,22594481355,
336040,타스컴,KONEX,22580723100,일반기업부
237750,피앤씨테크,KOSDAQ,22510719000,벤처기업부
361670,삼영에스앤씨,KOSDAQ,22500602260,기술성장기업부
208350,지란지교시큐리티,KOSDAQ,22498059890,벤처기업부
065370,위세아이텍,KOSDAQ,22447220160,벤처기업부
331660,한국미라클피플사,KONEX,22440000000,일반기업부
032800,판타지오,KOSDAQ,22373502544,중견기업부
301300,바이브컴퍼니,KOSDAQ,22363010400,기술성장기업부
298060,풍전약품,KOSDAQ,22358877040,관리종목(소속부없음)
188040,바이오포트,KOSDAQ,22343695700,벤처기업부
017250,인터엠,KOSDAQ,22287149553,중견기업부
192390,윈하이텍,KOSDAQ,22247110314,벤처기업부
018680,서울제약,KOSDAQ,22211002695,벤처기업부
070300,퀀텀레일,KOSDAQ,22202955625,벤처기업부
033200,모아텍,KOSDAQ,22182914890,투자주의환기종목(소속부없음)
33626L,두산퓨얼셀2우B,KOSPI,22098620000,
303530,이노뎁,KOSDAQ,22091289990,벤처기업부
424760,벨로크,KOSDAQ,22064934080,벤처기업부
222980,한국맥널티,KOSDAQ,22062966000,벤처기업부
013810,스페코,KOSDAQ,22027171410,중견기업부
004870,티웨이홀딩스,KOSPI,21998982456,
007720,소노스퀘어,KOSDAQ,21994658190,중견기업부
352940,인바이오,KOSDAQ,21952814600,벤처기업부
053060,세동,KOSDAQ,21930514398,중견기업부
238200,비피도,KOSDAQ,21922400000,벤처기업부
274400,이노시뮬레이션,KOSDAQ,21762150735,기술성장기업부
032080,아즈텍WB,KOSDAQ,21705939290,중견기업부
027580,상보,KOSDAQ,21695855415,중견기업부
030720,동원수산,KOSPI,21672769885,
071950,코아스,KOSPI,21659874110,
247660,나노씨엠에스,KOSDAQ,21648030000,관리종목(소속부없음)
215480,토박스코리아,KOSDAQ,21641100000,중견기업부
317860,노드메이슨,KONEX,21640865925,일반기업부
200230,텔콘RF제약,KOSDAQ,21572161975,중견기업부
059180,엔더블유시,KONEX,21548634950,일반기업부
001420,태원물산,KOSPI,21546000000,
115570,스타플렉스,KOSDAQ,21518249060,중견기업부
039310,세중,KOSDAQ,21456053728,중견기업부
115610,이미지스,KOSDAQ,21415609428,벤처기업부
098660,에스티오,KOSDAQ,21401670912,중견기업부
044480,빌리언스,KOSDAQ,21313836515,중견기업부
206950,볼빅,KONEX,21284824680,일반기업부
342870,오아,KOSDAQ,21283019285,중견기업부
095910,에스에너지,KOSDAQ,21242557622,관리종목(소속부없음)
018700,졸스,KOSDAQ,21220547940,투자주의환기종목(소속부없음)
032280,삼일,KOSDAQ,21207375720,중견기업부
277410,인산가,KOSDAQ,21126325000,벤처기업부
092600,앤씨앤,KOSDAQ,21099085020,관리종목(소속부없음)
083470,이엠앤아이,KOSDAQ,21084245052,벤처기업부
331520,밸로프,KOSDAQ,21072549900,중견기업부
045520,크린앤사이언스,KOSDAQ,20897500000,관리종목(소속부없음)
347770,핌스,KOSDAQ,20869585542,중견기업부
154040,다산솔루에타,KOSDAQ,20837448040,중견기업부
054220,비츠로시스,KOSDAQ,20812288248,벤처기업부
008775,호텔신라우,KOSPI,20789454350,
340440,세림B&G,KOSDAQ,20716202800,관리종목(소속부없음)
067730,로지시스,KOSDAQ,20702193080,중견기업부
440320,오픈놀,KOSDAQ,20658600000,기술성장기업부
241840,에이스토리,KOSDAQ,20606387040,중견기업부
021040,대호특수강,KOSDAQ,20554420978,중견기업부
353190,휴럼,KOSDAQ,20516156820,중견기업부
005360,모나미,KOSPI,20484680788,
362990,드림인사이트,KOSDAQ,20463099132,벤처기업부
076340,지에이이노더스,KONEX,20460132000,일반기업부
131100,티엔엔터테인먼트,KOSDAQ,20412173760,중견기업부
024940,PN풍년,KOSDAQ,20400000000,벤처기업부
063760,이엘피,KOSDAQ,20328783400,벤처기업부
079950,인베니아,KOSDAQ,20326074300,관리종목(소속부없음)
289220,자이언트스텝,KOSDAQ,20304121110,기술성장기업부
372800,아이티아이즈,KOSDAQ,20302290265,벤처기업부
438700,버넥트,KOSDAQ,20283699800,기술성장기업부
096870,엘디티,KOSDAQ,20202157580,벤처기업부
130740,티피씨글로벌,KOSDAQ,20173978731,중견기업부
403810,아이엘로보틱스,KONEX,20172812380,일반기업부
276730,한울앤제주,KOSDAQ,20161214920,투자주의환기종목(소속부없음)
353590,오토앤,KOSDAQ,20150267050,중견기업부
113810,디젠스,KOSDAQ,20131506850,중견기업부
001685,대상우,KOSPI,20073766950,
043360,디지아이,KOSDAQ,20070000000,벤처기업부
270210,에스알바이오텍,KONEX,20023941600,일반기업부
080470,성창오토텍,KOSDAQ,20002000000,벤처기업부
405000,플라즈맵,KOSDAQ,19908936060,벤처기업부
015020,이스타코,KOSPI,19883142400,
224060,더코디,KOSDAQ,19817172480,투자주의환기종목(소속부없음)
019660,글로본,KOSDAQ,19787008527,중견기업부
344860,이노진,KOSDAQ,19749420000,기술성장기업부
252500,세화피앤씨,KOSDAQ,19747521640,중견기업부
275630,에스에스알,KOSDAQ,19728049040,벤처기업부
088290,이원컴포텍,KOSDAQ,19700897840,관리종목(소속부없음)
000040,KR모터스,KOSPI,19694711036,
069330,유아이디,KOSDAQ,19681938414,벤처기업부
065150,대산F&B,KOSDAQ,19667788160,중견기업부
085810,알티캐스트,KOSDAQ,19650364670,중견기업부
050760,에스폴리텍,KOSDAQ,19601613600,중견기업부
065060,지엔코,KOSDAQ,19558610290,중견기업부
154030,아시아종묘,KOSDAQ,19540224540,벤처기업부
038530,케이바이오랩스,KOSDAQ,19443480120,중견기업부
073190,듀오백,KOSDAQ,19412160880,관리종목(소속부없음)
023790,동일스틸럭스,KOSDAQ,19408664880,중견기업부
00499K,롯데지주우,KOSPI,19294191850,
227610,아우딘퓨쳐스,KOSDAQ,19258323574,벤처기업부
214610,롤링스톤,KOSDAQ,19197807380,관리종목(소속부없음)
011090,에넥스,KOSPI,19125428102,
056730,CNT85,KOSDAQ,19105863493,중견기업부
322970,무진메디,KONEX,18961095320,일반기업부
403490,우듬지팜,KOSDAQ,18924173520,벤처기업부
018620,우진비앤지,KOSDAQ,18788381220,벤처기업부
048830,엔피케이,KOSDAQ,18723923000,중견기업부
031860,디에이치엑스컴퍼니,KOSDAQ,18714756060,관리종목(소속부없음)
179720,머니무브,KONEX,18700122400,일반기업부
222670,플럼라인생명과학,KONEX,18692639820,일반기업부
051780,큐로홀딩스,KOSDAQ,18582058680,중견기업부
002070,비비안,KOSPI,18558957000,
455180,케이지에이,KOSDAQ,18547967035,벤처기업부
108675,LX하우시스우,KOSPI,18334180800,
084440,유비온,KOSDAQ,18328858360,기술성장기업부
026910,광진실업,KOSDAQ,18314433060,중견기업부
014100,메디앙스,KOSDAQ,18301800000,중견기업부
110020,전진바이오팜,KOSDAQ,18298699240,기술성장기업부
137940,넥스트아이,KOSDAQ,18250444620,중견기업부
434190,탈로스,KONEX,18239349150,일반기업부
365900,브이씨,KOSDAQ,18202647000,벤처기업부
196700,웹스,KOSDAQ,18199370448,벤처기업부
037400,우리엔터프라이즈,KOSDAQ,18172778085,관리종목(소속부없음)
093240,형지엘리트,KOSPI,18171516664,
195990,루트K,KOSDAQ,18046964392,관리종목(소속부없음)
373110,엑셀세라퓨틱스,KOSDAQ,17968875366,기술성장기업부
279600,미디어젠,KOSDAQ,17966135135,벤처기업부
078860,아이오케이이엔엠,KOSDAQ,17944731140,투자주의환기종목(소속부없음)
309930,조이웍스앤코,KOSDAQ,17869464992,중견기업부
008600,윌비스,KOSPI,17615839860,
009440,KC그린홀딩스,KOSPI,17568790596,
254160,제이엠멀티,KONEX,17518200000,일반기업부
306040,에스제이그룹,KOSDAQ,17450355676,관리종목(소속부없음)
0070X0,에스테크엠,KONEX,17365000000,일반기업부
052960,태양3C,KONEX,17324691510,일반기업부
0197V0,엔에이치스팩34호,KOSDAQ,17303600000,SPAC(소속부없음)
419540,비스토스,KOSDAQ,17100186110,벤처기업부
482680,미래에셋비전스팩7호,KOSDAQ,16881825000,SPAC(소속부없음)
477380,미래에셋비전스팩4호,KOSDAQ,16848000000,SPAC(소속부없음)
241820,피씨엘,KOSDAQ,16803871920,관리종목(소속부없음)
0200G0,한국제17호스팩,KOSDAQ,16590900000,SPAC(소속부없음)
050090,비케이홀딩스,KOSDAQ,16380175560,관리종목(소속부없음)
009730,이렘,KOSDAQ,16270026120,투자주의환기종목(소속부없음)
009620,삼보산업,KOSDAQ,16267404895,투자주의환기종목(소속부없음)
065650,하이퍼코퍼레이션,KOSDAQ,16200060760,중견기업부
005725,넥센우,KOSPI,16148691000,
225590,패션플랫폼,KOSDAQ,16081120640,관리종목(소속부없음)
169670,코스텍시스템,KONEX,16063045600,일반기업부
465770,STX그린로지스,KOSPI,16060895500,
376930,노을,KOSDAQ,15992633576,관리종목(소속부없음)
379390,이성씨엔아이,KONEX,15855346800,일반기업부
034940,조아제약,KOSDAQ,15737751100,중견기업부
469480,IBKS제24호스팩,KOSDAQ,15714450000,SPAC(소속부없음)
18064K,한진칼우,KOSPI,15617246650,
0072Z0,KB제33호스팩,KOSDAQ,15612300000,SPAC(소속부없음)
477340,에이치엠씨제7호스팩,KOSDAQ,15508150000,SPAC(소속부없음)
006200,한국전자홀딩스,KOSPI,15388870788,
0101C0,하나36호스팩,KOSDAQ,15379380000,SPAC(소속부없음)
0130H0,엔에이치스팩33호,KOSDAQ,15338400000,SPAC(소속부없음)
475460,미트박스,KOSDAQ,15330315375,벤처기업부
285800,진영,KOSDAQ,15237635680,벤처기업부
030350,드래곤플라이,KOSDAQ,15171092867,관리종목(소속부없음)
476710,타조이엔터테인먼트,KONEX,15120000000,일반기업부
005257,녹십자홀딩스2우,KOSPI,15050162100,
101000,KS인더스트리,KOSDAQ,14974745857,관리종목(소속부없음)
0044K0,삼성스팩10호,KOSDAQ,14942240000,SPAC(소속부없음)
418620,E8,KOSDAQ,14936215200,관리종목(소속부없음)
004105,태양금속우,KOSPI,14883000000,
473050,유안타제15호스팩,KOSDAQ,14756050000,관리종목(소속부없음)
002025,코오롱우,KOSPI,14749154270,
351020,미쥬,KONEX,14732500000,일반기업부
0115H0,삼성스팩13호,KOSDAQ,14685300000,SPAC(소속부없음)
489480,키움제11호스팩,KOSDAQ,14520000000,SPAC(소속부없음)
208850,이비테크,KONEX,14355072500,일반기업부
478440,미래에셋비전스팩6호,KOSDAQ,14310450000,SPAC(소속부없음)
002820,SUN&L,KOSPI,14294896740,
479880,한국제15호스팩,KOSDAQ,14186550000,SPAC(소속부없음)
0165X0,메리츠제2호스팩,KOSDAQ,14045600000,SPAC(소속부없음)
086220,광동헬스바이오,KONEX,13918587905,일반기업부
0099W0,미래에셋비전스팩11호,KOSDAQ,13888000000,SPAC(소속부없음)
000087,하이트진로2우B,KOSPI,13844190500,
0209J0,KB제34호스팩,KOSDAQ,13735050000,SPAC(소속부없음)
054410,케이피티유,KOSDAQ,13657568940,관리종목(소속부없음)
001795,대한제당우,KOSPI,13646209800,
304840,피플바이오,KOSDAQ,13643890260,벤처기업부
352770,셀레스트라,KOSDAQ,13610136750,관리종목(소속부없음)
498390,한화플러스제5호스팩,KOSDAQ,13540800000,SPAC(소속부없음)
244460,올리패스,KOSDAQ,13415218661,관리종목(소속부없음)
0134X0,대신밸런스제20호스팩,KOSDAQ,13399120000,SPAC(소속부없음)
177350,베셀,KOSDAQ,13356651297,투자주의환기종목(소속부없음)
456190,큐라켐,KONEX,13225202060,일반기업부
00806K,대덕1우,KOSPI,13202567730,
0164H0,한국제16호스팩,KOSDAQ,13196250000,SPAC(소속부없음)
481890,엔에이치스팩31호,KOSDAQ,13165875000,SPAC(소속부없음)
0096B0,삼성스팩12호,KOSDAQ,13133680000,SPAC(소속부없음)
060480,국일신동,KOSDAQ,13097290000,관리종목(소속부없음)
0099X0,IBKS제25호스팩,KOSDAQ,13006500000,SPAC(소속부없음)
354200,엔젠바이오,KOSDAQ,12981872481,관리종목(소속부없음)
489730,디비금융제13호스팩,KOSDAQ,12948940000,SPAC(소속부없음)
335870,윙스풋,KOSDAQ,12914612370,중견기업부
0097F0,미래에셋비전스팩10호,KOSDAQ,12876500000,SPAC(소속부없음)
478390,KB제29호스팩,KOSDAQ,12875400000,SPAC(소속부없음)
176590,코나솔,KONEX,12810860685,일반기업부
0093G0,미래에셋비전스팩8호,KOSDAQ,12768000000,SPAC(소속부없음)
45226K,한화갤러리아우,KOSPI,12750623300,
054180,메디콕스,KOSDAQ,12686716395,관리종목(소속부없음)
239340,이스트에이드,KOSDAQ,12680426100,관리종목(소속부없음)
492220,KB제31호스팩,KOSDAQ,12637350000,SPAC(소속부없음)
482520,교보16호스팩,KOSDAQ,12596500000,SPAC(소속부없음)
0037T0,KB제32호스팩,KOSDAQ,12584040000,SPAC(소속부없음)
028080,휴맥스홀딩스,KOSDAQ,12547900200,관리종목(소속부없음)
00781K,코리아써키트2우B,KOSPI,12539184000,
084695,대상홀딩스우,KOSPI,12532973040,
0091W0,신영스팩11호,KOSDAQ,12439400000,SPAC(소속부없음)
0054V0,엔에이치스팩32호,KOSDAQ,12433000000,SPAC(소속부없음)
0131D0,키움히어로제2호스팩,KOSDAQ,12411770000,SPAC(소속부없음)
024890,대원화성,KOSPI,12374745000,
065570,삼영이엔씨,KOSDAQ,12295692232,관리종목(소속부없음)
477760,DB금융스팩12호,KOSDAQ,12118000000,SPAC(소속부없음)
0041L0,하나35호스팩,KOSDAQ,12060000000,SPAC(소속부없음)
065770,CS,KOSDAQ,12039748280,관리종목(소속부없음)
0088D0,메리츠제1호스팩,KOSDAQ,11995650000,SPAC(소속부없음)
060260,뉴보텍,KOSDAQ,11968093332,관리종목(소속부없음)
0132G0,교보20호스팩,KOSDAQ,11916120000,SPAC(소속부없음)
145995,삼양사우,KOSPI,11897750500,
469900,하나31호스팩,KOSDAQ,11770500000,관리종목(소속부없음)
015260,에이엔피,KOSPI,11732106606,
035620,바른손이앤에이,KOSDAQ,11724248340,관리종목(소속부없음)
482690,대신밸런스제19호스팩,KOSDAQ,11707275000,SPAC(소속부없음)
103230,에스앤더블류,KOSDAQ,11628000000,관리종목(소속부없음)
0071M0,삼성스팩11호,KOSDAQ,11548800000,SPAC(소속부없음)
289010,아이스크림에듀,KOSDAQ,11546671968,관리종목(소속부없음)
474660,신한제12호스팩,KOSDAQ,11536800000,관리종목(소속부없음)
474490,유안타제16호스팩,KOSDAQ,11488350000,SPAC(소속부없음)
487360,신한제14호스팩,KOSDAQ,11477400000,SPAC(소속부없음)
477470,미래에셋비전스팩5호,KOSDAQ,11343600000,SPAC(소속부없음)
0105P0,유진스팩12호,KOSDAQ,11314340000,SPAC(소속부없음)
496070,신한제16호스팩,KOSDAQ,11268100000,SPAC(소속부없음)
131760,파인텍,KOSDAQ,11266151852,관리종목(소속부없음)
149010,아이케이세미콘,KONEX,11232000000,일반기업부
060900,에이전트AI,KOSDAQ,11163698916,중견기업부
0129K0,신한제18호스팩,KOSDAQ,11121980000,SPAC(소속부없음)
38380K,LX홀딩스1우,KOSPI,11106860300,
142760,모아라이프플러스,KOSDAQ,10984498290,관리종목(소속부없음)
0096D0,미래에셋비전스팩9호,KOSDAQ,10978000000,SPAC(소속부없음)
001000,신라섬유,KOSDAQ,10900615460,관리종목(소속부없음)
486630,KB제30호스팩,KOSDAQ,10885500000,SPAC(소속부없음)
0098T0,교보19호스팩,KOSDAQ,10827000000,SPAC(소속부없음)
493790,유안타제17호스팩,KOSDAQ,10726200000,SPAC(소속부없음)
012340,뉴인텍,KOSDAQ,10713769398,관리종목(소속부없음)
217880,틸론,KONEX,10705835420,일반기업부
377220,프롬바이오,KOSDAQ,10689856000,관리종목(소속부없음)
489210,교보17호스팩,KOSDAQ,10644900000,SPAC(소속부없음)
0004Y0,디비금융제14호스팩,KOSDAQ,10630000000,SPAC(소속부없음)
289170,바이오텐,KONEX,10622766330,일반기업부
006050,국영지앤엠,KOSDAQ,10590705340,관리종목(소속부없음)
303030,지니틱스,KOSDAQ,10549412352,관리종목(소속부없음)
0130D0,신한제17호스팩,KOSDAQ,10503780000,SPAC(소속부없음)
217320,썬테크,KONEX,10500000000,일반기업부
001067,JW중외제약2우B,KOSPI,10498650000,
043100,알파AI,KOSDAQ,10457241600,관리종목(소속부없음)
478110,이베스트스팩6호,KOSDAQ,10341200000,SPAC(소속부없음)
466690,키움히어로제1호스팩,KOSDAQ,10266425000,SPAC(소속부없음)
305090,마이크로디지탈,KOSDAQ,10166241142,투자주의환기종목(소속부없음)
0041B0,교보18호스팩,KOSDAQ,10130400000,SPAC(소속부없음)
114920,대주이엔티,KONEX,10044202500,일반기업부
189350,코셋,KONEX,9984000000,일반기업부
004255,NPC우,KOSPI,9905280000,
238500,솔루믹스,KONEX,9883469400,일반기업부
216400,인바이츠바이오코아,KONEX,9855060570,일반기업부
224760,엔에스컴퍼니,KONEX,9770456000,일반기업부
233990,질경이,KONEX,9725506002,일반기업부
240600,유진테크놀로지,KOSDAQ,9710309700,관리종목(소속부없음)
488060,유진스팩11호,KOSDAQ,9676000000,SPAC(소속부없음)
208640,썸에이지,KOSDAQ,9663273350,관리종목(소속부없음)
019685,대교우B,KOSPI,9577506070,
288980,모아데이타,KOSDAQ,9568302677,관리종목(소속부없음)
106080,케이이엠텍,KOSDAQ,9506998050,관리종목(소속부없음)
145210,다이나믹디자인,KOSPI,9461011840,
484130,하나34호스팩,KOSDAQ,9243400000,SPAC(소속부없음)
185190,수프로,KONEX,9210909125,일반기업부
302920,더콘텐츠온,KONEX,9104718000,일반기업부
473950,에스케이증권제13호스팩,KOSDAQ,9091940000,SPAC(소속부없음)
251280,안지오랩,KONEX,9078862000,일반기업부
001755,한양증권우,KOSPI,9060189200,
103660,씨앗,KONEX,9026206500,일반기업부
003075,코오롱글로벌우,KOSPI,9014769290,
487720,키움제10호스팩,KOSDAQ,8904150000,SPAC(소속부없음)
487830,신한제15호스팩,KOSDAQ,8874000000,SPAC(소속부없음)
468760,유진스팩10호,KOSDAQ,8819200000,SPAC(소속부없음)
472230,에스케이증권제11호스팩,KOSDAQ,8746275000,관리종목(소속부없음)
067770,세진티에스,KOSDAQ,8656887383,관리종목(소속부없음)
0068Y0,비엔케이제3호스팩,KOSDAQ,8641550000,SPAC(소속부없음)
318660,타임기술,KONEX,8608404000,일반기업부
233250,메디안디노스틱,KONEX,8558016600,일반기업부
308100,형지글로벌,KOSDAQ,8417319348,관리종목(소속부없음)
244880,나눔테크,KONEX,8378380000,일반기업부
33637L,솔루스첨단소재2우B,KOSPI,8349141320,
000225,유유제약1우,KOSPI,8228955900,
0041J0,엘에스스팩1호,KOSDAQ,8211780000,SPAC(소속부없음)
276240,엘리비젼,KONEX,8200549908,일반기업부
03481K,해성산업1우,KOSDAQ,8071874580,중견기업부
087260,모바일어플라이언스,KOSDAQ,8040556667,관리종목(소속부없음)
001515,SK증권우,KOSPI,7776121575,
475250,하나33호스팩,KOSDAQ,7733000000,SPAC(소속부없음)
250930,예선테크,KOSDAQ,7656102080,관리종목(소속부없음)
079970,투비소프트,KOSDAQ,7646223464,관리종목(소속부없음)
474930,신한제13호스팩,KOSDAQ,7565800000,SPAC(소속부없음)
178600,대동고려삼,KONEX,7519824000,일반기업부
212310,오건에코텍,KONEX,7514663025,일반기업부
001065,JW중외제약우,KOSPI,7454531800,
004835,덕성우,KOSPI,7419360000,
065420,에스아이리소스,KOSDAQ,7283384140,중견기업부
199150,데이터스트림즈,KONEX,7256642100,일반기업부
276040,스코넥,KOSDAQ,7073119545,관리종목(소속부없음)
000325,노루홀딩스우,KOSPI,6941431500,
473000,에스케이증권제12호스팩,KOSDAQ,6884800000,SPAC(소속부없음)
066830,제노텍,KONEX,6800616000,일반기업부
475240,하나32호스팩,KOSDAQ,6694400000,관리종목(소속부없음)
253610,루트락,KONEX,6667746150,일반기업부
004985,성신양회우,KOSPI,6598735650,
199290,바이오프로테크,KONEX,6554698920,일반기업부
224810,엄지하우스,KONEX,6459600000,일반기업부
234070,에이원큐브텍,KONEX,6438650275,일반기업부
299480,지앤이헬스케어,KONEX,6338524253,일반기업부
236340,메디젠휴먼케어,KONEX,6330758700,일반기업부
202960,판도라티비,KONEX,6303342878,일반기업부
044380,주연테크,KOSPI,6058793776,
26490K,크라운제과우,KOSPI,5840378000,
900100,파이온엑스,KOSDAQ,5782550800,관리종목(소속부없음)
267080,세븐브로이맥주,KONEX,5769504288,일반기업부
291810,핀텔,KOSDAQ,5736605370,관리종목(소속부없음)
012205,계양전기우,KOSPI,5670033150,
136660,큐엠씨,KONEX,5666280000,일반기업부
390110,애니메디솔루션,KONEX,5575802025,일반기업부
090355,노루페인트우,KOSPI,5566774520,
447690,아이오바이오,KONEX,5487284124,일반기업부
044180,KD,KOSDAQ,5477148795,관리종목(소속부없음)
313760,캐리,KOSDAQ,5244963048,관리종목(소속부없음)
311960,인터로이드,KONEX,5203466136,일반기업부
266350,팡스카이,KONEX,5026568860,일반기업부
258050,테크트랜스,KONEX,5004531101,일반기업부
346010,타이드,KONEX,4860062000,일반기업부
001770,SHD,KOSPI,4768396150,
052770,아이톡시,KOSDAQ,4545457488,관리종목(소속부없음)
225430,케이엠제약,KOSDAQ,4527001150,관리종목(소속부없음)
116100,태양기계,KONEX,4463991600,일반기업부
332190,오션스바이오,KONEX,4396571025,일반기업부
199730,바이오인프라,KOSDAQ,4392523401,관리종목(소속부없음)
121060,유니포인트,KONEX,4352390154,일반기업부
000545,흥국화재우,KOSPI,4316160000,
000145,하이트진로홀딩스우,KOSPI,4246706200,
025870,신라에스지,KOSDAQ,4236000000,관리종목(소속부없음)
092590,럭스피아,KONEX,4228836840,일반기업부
002995,금호건설우,KOSPI,4208630400,
215570,크로넥스,KONEX,3996090600,일반기업부
402420,켈스,KONEX,3992897100,일반기업부
011080,형지I&C,KOSDAQ,3966810458,관리종목(소속부없음)
009415,태영건설우,KOSPI,3906343740,
236030,씨알푸드,KONEX,3863330800,일반기업부
005965,동부건설우,KOSPI,3860017200,
296520,가이아코퍼레이션,KONEX,3738273408,일반기업부
217910,에스제이켐,KONEX,3735469374,일반기업부
208890,미래엔에듀파트너,KONEX,3604968000,일반기업부
014825,동원시스템즈우,KOSPI,3594550710,
007575,일양약품우,KOSPI,3542836800,
014285,금강공업우,KOSPI,3474363750,
36328K,티와이홀딩스우,KOSPI,3383853120,
058450,한주에이알티,KOSDAQ,3233385228,관리종목(소속부없음)
245450,씨앤에스링크,KONEX,3156760080,일반기업부
005745,크라운해태홀딩스우,KOSPI,3051688080,
014915,성문전자우,KOSPI,3024000000,
266470,바이오인프라생명과학,KONEX,2786601900,일반기업부
413300,티엘엔지니어링,KONEX,2615181525,일반기업부
000227,유유제약2우B,KOSPI,2577220800,
008355,남선알미우,KOSPI,2253754800,
093510,엔지브이아이,KONEX,2119040000,일반기업부
001525,동양우,KOSPI,1995874000,
140660,위월드,KONEX,1992288852,일반기업부
005030,부산주공,KOSPI,1855659760,
448780,마이크로엔엑스,KONEX,1834210800,일반기업부
035290,골드앤에스,KOSDAQ,1830776832,관리종목(소속부없음)
223220,로지스몬,KONEX,1745093112,일반기업부
021045,대호특수강우,KOSDAQ,1661347336,중견기업부
266170,레드우즈,KONEX,1366092000,일반기업부
004545,깨끗한나라우,KOSPI,1343807200,
011155,CJ씨푸드1우,KOSPI,1090000000,
001527,동양2우B,KOSPI,1049095500,
005110,한창,KOSPI,1013107536,
004415,서울식품우,KOSPI,900922500,
312610,에이에프더블류,KOSDAQ,749504856,관리종목(소속부없음)
002785,진흥기업우B,KOSPI,561472550,
032685,소프트센우,KOSDAQ,475270920,중견기업부
341170,퓨쳐메디신,KONEX,410794995,일반기업부
002787,진흥기업2우B,KOSPI,275932800,
